Product_Name,Product_ID,Category,Price,Brand
despite,2ef6e8fa-6a36-4515-b1c2-a0a700abf386,perfume oil,250.57,"Lawson, Stone and Campos"
sea,3ba38e01-f8e7-4af2-9246-87ef0961d4f5,perfume oil,179.81,Washington Group
suddenly,a58c53bd-a34b-4541-b926-bec9eb84cac2,perfume oil,600.55,Rodgers Ltd
site,e6021be5-90be-4199-b6c6-82542fb2973c,perfume oil,414.36,"Wilson, Scott and Johnson"
act,60127671-ab32-4fb5-bfeb-1a7782ad835e,perfume,704.05,"Riddle, Alvarez and Robinson"
born,0d1b37a3-8159-4e28-841b-06971fe73e28,perfume oil,951.69,Jones-Edwards
sister,9e82b85c-d4d6-4235-91f1-137fb41529ca,perfume,688.47,"Webb, Wolf and Rogers"
difference,48ba3e86-167d-4b02-a5e8-0885e946edcb,perfume oil,604.82,Johnston-Smith
cost,74416f33-d5da-409c-b483-ac019b19f5c3,perfume,879.18,"Edwards, Roberts and Jones"
specific,69caf9a6-a313-489d-a21e-1bcab6ea430e,perfume,844.65,"Taylor, Miller and Owens"
culture,2009dc42-c675-48f2-aef9-b3a86556d508,perfume oil,897.12,"Montoya, Smith and Carter"
letter,d47180ed-6607-4dd0-a521-303b187bfeb3,perfume oil,454.55,"Peterson, Jones and Li"
wish,d96c5a13-1fbd-43a3-bcfc-83f5b139403b,perfume oil,630.53,Jefferson and Sons
message,0a59ce14-fd99-4ded-bd19-4b22a52543fa,perfume,742.16,"Alexander, Williams and Russell"
mention,152d1d94-2f29-4bd0-a1c7-8e3489a65c0f,perfume,798.03,"Young, Sandoval and Murphy"
police,82a088c5-b4be-4e1c-90d5-5fd8c20080fe,perfume,242.74,Brown and Sons
very,273e9342-c3f2-47b0-b00d-81cfe7c77be9,perfume oil,677.54,"Parsons, Davis and Davis"
eye,b4ff33f4-c0c5-44fa-b179-25968b3c803b,perfume,21.98,"Lynch, Dixon and Evans"
name,0e4bdf71-b57c-455d-bc95-375f945af521,perfume oil,890.83,"Dawson, Long and Jordan"
beat,ff4c2f8f-fec1-4b20-9de3-12e0cbc57993,perfume,293.5,Rangel-Becker
whatever,19d59b65-6a65-4d3d-bd81-2be4b930378a,perfume oil,779.93,Elliott Ltd
speak,3e15d4ff-0375-4164-937a-b0dfd6739f0f,perfume,605.51,"Savage, Holloway and Obrien"
hour,15d270d3-226e-4503-924f-39c193400892,perfume oil,40.55,"Church, King and Chavez"
above,4e32733c-2c39-4aa7-b75a-b0736639ab0b,perfume oil,674.19,"Martinez, Contreras and Reed"
no,df76abe5-3360-4c54-9890-7ec2645c7fc0,perfume oil,844.44,Lee Ltd
court,60c0b1ca-a734-4e07-8e1f-c8a269664b42,perfume oil,649.95,"Baldwin, King and Cole"
somebody,ab6a1e20-ef43-4c5a-8e05-54d757e653e1,perfume oil,822.22,Miller-Richard
sit,066618f8-ec72-47ff-88f6-8bd11825a70d,perfume,877.61,Baker Ltd
sing,837ff513-33b8-42da-9af8-94a1d89badbb,perfume,583.72,Mcguire-Young
fire,5fdec2be-913e-427a-8612-5657df06d851,perfume oil,625.71,"Sandoval, Ramos and Ware"
good,a637109e-42d2-49f1-be6e-99fb5ecaeccb,perfume,399.32,Sanchez Group
field,1f414aad-0080-4dbe-937c-5582f51a3d3f,perfume oil,633.84,Herrera-Jensen
strong,4f0c2e2b-785a-49b7-8a7c-a01dff4e2a91,perfume oil,827.94,Wilson PLC
early,7a3e7d47-7962-46e1-9441-b50d3435fb0b,perfume,73.66,Johnson-Fletcher
not,ea68ec4b-bad8-412e-9d0c-ee5e9e73a13f,perfume,274.85,Porter LLC
writer,6a065eb2-450c-443a-8359-57b14d25f536,perfume oil,468.38,Barnes LLC
few,fd76f3c8-2fc3-47f7-8fed-f09a485e942b,perfume oil,289.53,Garcia Group
ask,9f4dfc84-0dfd-4b9f-bc6d-10c06799c149,perfume,935.58,Gomez-Schmitt
nice,91df663e-d9b0-496e-88c0-80fc1530bf08,perfume oil,162.51,Baker and Sons
item,faf90bdb-cc47-40d7-9996-b289c3ed2516,perfume,809.01,"Thomas, Martin and Flores"
seven,3c644b7b-fe14-465b-a1da-0bd5c83ddb9c,perfume oil,42.42,"Shea, Cole and Robinson"
firm,b3fcbea2-1955-47e8-bc02-e54d26c09f01,perfume oil,948.99,"Thomas, Miller and Ali"
evening,dba8f77d-ef0a-478a-beea-f946f30d3f93,perfume oil,533.21,Hunt Group
scientist,2fc87886-83d2-410a-9cd5-6df72a7eb40c,perfume oil,824.23,Martinez-Smith
around,0c971c5f-e562-47cd-887c-ee47a8b1c7a7,perfume oil,259.12,Rosario-Ball
be,c914ba2f-b190-47fc-a759-00305434d424,perfume oil,883.34,Griffin-Rios
themselves,d8357fee-f454-4ee8-978a-d368a46dacbd,perfume oil,897.83,"Abbott, Fleming and Davis"
between,f0d85061-412d-4c8a-86d1-b12eb2ec705b,perfume,435.11,"Dean, Mckenzie and Aguirre"
carry,503a6ff8-007f-42bc-b3ac-fef09a99dfb6,perfume oil,387.51,Ashley-Reeves
thought,b7b4d358-0fbc-4b51-bd16-1307d8d88ec2,perfume oil,568.83,"Edwards, Roman and Jenkins"
drop,f97e6b4f-6532-4bd1-a773-5adabc17cc6c,perfume,857.03,"Moore, Nelson and Johnson"
property,21a1ecb9-8ec3-4444-9246-87fe4b6f6bcc,perfume oil,379.21,"Gray, Larsen and Benitez"
guess,589542cf-ae90-4865-b429-5af22745e512,perfume,159.26,Lopez Inc
hear,5337a6a1-723f-473d-a611-eb87a30ba66b,perfume oil,870.87,Rowe PLC
late,6f35839e-e1b5-4bf4-8ba2-48e9f0552c87,perfume oil,71.99,Holden Inc
media,193b48fe-5e8a-4f88-ae69-0450a9c0fe69,perfume oil,193.57,"Webb, Johns and Caldwell"
discussion,5f1164a7-5a6c-4b4d-b8f6-de0a998a1c20,perfume oil,961.31,"Cunningham, Baker and Smith"
article,f94a43a5-dc70-4362-8e3a-fdbedc4cefa2,perfume oil,402.5,Harris-Copeland
billion,0364ab83-201c-4097-811d-7674804010e9,perfume,791.88,Phillips-Hodges
provide,6a63b5f9-798c-4586-95d1-cab5619ad4bc,perfume,694.1,Knight-Russell
time,4bd26f86-bb47-48e5-bb55-523181a63f63,perfume,716.42,Stephenson PLC
together,2f6cdf50-3a3f-4ba4-89a8-003897cbfc13,perfume,304.93,Kramer-Harper
minute,a9aedb20-8b6c-446c-bc1f-018a0d464316,perfume oil,644.4,Williams-Reynolds
structure,bbfd79b3-d6f8-4df6-8c83-78bb4eeccb7e,perfume oil,318.03,Harrison-Taylor
word,06ca9a99-aa02-4057-9e7b-468e8b1108a4,perfume oil,729.92,Gonzalez Inc
star,43bf1c6a-e891-45a9-8cc5-e979c170a236,perfume oil,539.22,"Garcia, Thornton and Smith"
worker,49556cda-4815-4239-bf9c-a7faa142824a,perfume oil,325.62,Kelley-Duncan
hair,27103cce-5db2-463c-bc2d-67be46776aca,perfume,74.19,"Taylor, Ryan and Carr"
food,973e0e0c-b37c-4e0d-ae86-f5b6c3d8bd94,perfume,462.21,Bender-Cox
tree,6a8c3e9c-07e2-452c-8455-3f53aa0b3923,perfume,602.9,Williams-Benton
human,dbf26729-a518-4719-9afc-aaa24293355d,perfume,595.41,"Trevino, Davis and Fritz"
add,5f187b33-4f4e-49a4-a2fd-fe73c7919dcb,perfume oil,29.8,Smith PLC
back,fa7f4b7f-44ac-471c-b6c8-73f4106c7793,perfume,640.65,Aguilar-Ibarra
TV,69d081a9-2af4-4999-928b-c4081ebc90a2,perfume,133.17,White-Freeman
street,2c7ebcfb-7909-4041-94ab-787462a27b27,perfume oil,106.66,"Lewis, Hayes and Boyer"
growth,af421f4c-2134-425c-a9a5-1e6865af65e5,perfume,484.47,Estrada Ltd
majority,48fcceb3-0806-48c3-aaf9-302347f50316,perfume,321.34,Terry Inc
member,61934d8b-26a6-4b27-8682-942287b2ae0d,perfume oil,412.18,Hoffman-Roman
worker,1138e4f9-d37e-4601-be41-b68a6cf8931e,perfume,22.41,"Parks, Cobb and Price"
get,691ccd59-e770-4e64-a1e5-9dc5d99ca44c,perfume,575.48,"Gonzalez, Chavez and Williams"
effort,6a0f9fee-4948-43c2-b61a-7450c00bb568,perfume oil,648.67,"Stevens, Powell and Mckinney"
rest,53f55800-1d1d-4866-af6c-ee0c6f7ca904,perfume oil,419.55,Marshall and Sons
safe,f18a3fb1-b6d2-4756-80d9-f7deb4a19d1b,perfume oil,392.3,Garza Inc
could,fd099685-a51b-4d29-a77f-7c203d039ca1,perfume oil,664.25,"Parks, Cabrera and Wells"
control,0716872c-2ddd-4447-b90e-63ded218ba26,perfume oil,656.68,Brown-Steele
behavior,744116c6-1533-4eda-b45e-c34ebb44b74a,perfume,30.8,Cohen Ltd
land,89574032-bd36-4dc6-9330-bdfb1211d445,perfume,389.78,Flores-Mason
performance,e5bb980c-08b6-4e5b-ade2-fc9515070d43,perfume,836.62,"Andrade, Mcfarland and Jones"
issue,a4ca8c78-20bb-42aa-97e6-79f2f2c0a93b,perfume,997.99,Smith-Williams
if,7dc77bfe-3a33-4497-82d7-003fd2461453,perfume,361.9,"Ferrell, Morales and Wolf"
structure,28596563-7014-4afa-a383-1dbe96cfcf1d,perfume oil,484.13,Marks-Rodriguez
stuff,f023765a-ad1b-4723-8cad-e1d582744eef,perfume,497.52,West Ltd
detail,aea8f846-f772-454c-bed5-ca5b9efaaf17,perfume oil,191.91,White-Sanchez
move,8a2b97a9-f812-48a9-ad79-5403a614748d,perfume,790.31,Hughes PLC
heart,b453d8b0-e6e0-41a8-b52e-e57fa7ac906e,perfume oil,372.26,Soto-White
stuff,cf4aa2cf-749c-4283-8ccd-1777f36b509a,perfume,508.08,"Watkins, Fox and Walker"
offer,0f040a2a-8237-4358-a08d-3f2c6cce0133,perfume oil,841.45,"Hernandez, Cooper and Wilson"
write,feca3f89-654e-4bd4-95dc-1da5ab8b8002,perfume oil,921.29,"Roberson, Pittman and Warren"
bag,a580321c-b769-4f95-92ae-fad9ef029319,perfume,844.21,Taylor PLC
manage,38feca51-a60c-4f1a-8a6d-629264d3e5a7,perfume,164.09,"Woodward, Turner and Allen"
by,d179e5b8-3153-404f-95a8-3b44bec3fa17,perfume,535.75,Anderson-Moore
season,b5351550-9772-47cc-8745-9a9f37abcb6f,perfume,982.06,Dominguez-Wallace
option,1535907f-4e10-414e-8e33-2d0d8a2ece2c,perfume oil,461.6,"Henderson, Bright and Carney"
course,9a19de7c-2ee1-4825-8b26-3a95d1cbee62,perfume,157.13,Chambers LLC
get,5a4ca5a0-af0e-439a-8e42-6c9b5240c63f,perfume oil,972.68,Goodman-Trevino
us,e2856c49-7c89-43dd-9483-ff07a7731e4c,perfume,33.28,Miller PLC
inside,1a3ba496-107a-4be8-9f8a-563481690c57,perfume oil,780.3,Arnold PLC
executive,35010911-ed6c-4914-b222-cae72ea78ad1,perfume,219.82,"Mosley, Cobb and Nelson"
first,214fe742-0149-45df-aa11-9bd492f56700,perfume,361.88,"Jones, Walker and Jones"
treatment,89bb3a19-223e-42d7-9642-1ab0b62299e8,perfume,711.56,Mccarthy-Meyer
then,ea2c54b7-9df8-44e8-a7d3-325d7e74a211,perfume,910.19,"Sanders, Goodwin and Williams"
main,f8602980-bb38-4e31-b0ca-ea77a8e5b427,perfume oil,254.0,"Strong, Smith and Duncan"
memory,45d37cbd-6c4a-43ee-ba63-82f5e2a1cc5c,perfume,586.34,Conner and Sons
trade,0b86a935-f04e-4bf0-8a93-379bc20a9b83,perfume oil,898.05,"Davis, Hall and Rodriguez"
relate,4a313030-ca93-4832-9a96-3f2f5c32097b,perfume oil,646.43,Cohen and Sons
dark,33a9b713-2702-49a9-a497-a510a2f47391,perfume,85.76,Allen PLC
knowledge,3c5a26f8-9260-482c-8a15-4dfa020bbc08,perfume oil,251.56,"Wood, Acosta and Richardson"
fight,1e8a8620-f54e-494c-8638-3c7d73a003c5,perfume oil,889.58,Parker-Schroeder
stand,aacc9399-9177-4074-9a4c-446f499e5e11,perfume,887.32,Ochoa-Phillips
call,bf14bf4b-b22e-4c03-8c7b-d45448329815,perfume,915.57,"Stephenson, Huynh and Bryant"
because,c638d719-e1df-4c06-acfb-da55a8d19dfa,perfume,735.56,Phillips-Meyer
red,48565299-8cfe-4fd6-b0d3-007c8704ee02,perfume oil,616.86,Valentine Inc
that,c4cbe3ff-f806-43e9-b2e8-3ef67c5455f9,perfume oil,436.57,Ortiz-Munoz
old,ea26f6c9-33b7-4638-b748-3122b31176a5,perfume oil,65.01,"Vega, Neal and French"
oil,6f131681-3d24-46cb-a18a-fa8532ceae4a,perfume,886.99,Mahoney Inc
inside,cd18881e-bbc4-419e-b5fb-0c4034690aac,perfume oil,85.23,Jones-Lara
event,23ef439c-89c3-4972-ab2d-0855714f81cd,perfume,38.59,Duncan-Singh
consider,639debaf-67e3-461b-9217-74eff3fde651,perfume oil,321.24,Davis-Garcia
man,8074176a-41ff-44e7-bce3-413a1418eedd,perfume oil,126.68,Smith Ltd
article,dd604345-1f0d-46d9-8f15-ee03fc0d622e,perfume oil,823.96,Nichols-Reid
high,6de003ac-591f-4073-97de-50e99b39787f,perfume oil,286.49,Dougherty-Johnson
director,765a72b9-d13e-4aac-8d17-78ff30328501,perfume oil,189.19,"Lutz, Hoover and Dunn"
actually,510d4ada-c3ca-476b-9956-7859b17a5bdf,perfume,767.17,Smith-Lopez
and,af5e4014-b369-4cb4-b5be-02cb86384af3,perfume oil,172.88,Russell-Anderson
hand,2dfe1d75-b12c-4d52-b630-f7e80d1150e8,perfume,449.91,Ross and Sons
low,3c7bd415-651f-4e9e-8273-55b24accec72,perfume,910.57,Chavez-Pearson
order,a9184225-8a46-48e3-a5d0-78382dda395d,perfume oil,168.4,Powell Inc
hot,ad18f966-2ca9-4b23-8ad4-8615a47b35ed,perfume oil,305.47,Farrell-Davis
white,c5871c18-bac7-405d-b324-b157a45ebd81,perfume oil,882.6,Cooper Inc
mouth,d97cb190-6e85-40b3-b41f-19245f784c45,perfume,55.56,Brown-Hoffman
market,ebe1ef18-39a6-4dee-874d-ce438646befa,perfume,273.64,Arnold Inc
bar,0d9f97b2-985f-4b6f-88db-f81ac0a3e4df,perfume oil,90.74,Lopez Ltd
then,bcd36783-84dc-49fe-aa49-21475b0485cf,perfume oil,798.7,Stevenson-Reeves
religious,79fcec10-c543-42de-a58c-7d7f3675e7e5,perfume,556.17,"Rich, Shepard and Johnson"
car,8ee45045-3df0-4d01-b706-0d027ae05b6c,perfume oil,152.52,"Morgan, Gray and Smith"
financial,f093f86e-b274-4e17-a044-6c51c2612685,perfume,255.46,Miller PLC
price,cfc2066c-865b-452b-94e3-ce214a7825ed,perfume oil,262.64,Morales-Crawford
network,e4c1c74b-801e-46ee-8621-f6a015ebf62d,perfume,523.56,Hayes-Kelly
model,547d298a-923b-46e3-a35a-e9311333b8d5,perfume oil,485.76,"Roberson, Jones and Zhang"
shoulder,0f7676c8-ec74-4dc4-b872-642ed2937fde,perfume oil,371.59,Downs Group
decide,12e8eeed-0afe-4568-a98b-e063aab7a4de,perfume oil,757.93,Allen-Little
performance,5efdf13d-2139-4e9c-9e6d-185a3d17d65b,perfume,993.62,Warren Inc
eye,2800e42d-70b5-4610-bf2c-16da53b6a242,perfume,996.32,"Evans, Martin and Sherman"
behavior,a9712e46-67f2-4170-824b-209236ec24a2,perfume,136.13,"Johnson, Mendoza and Martinez"
attack,29ca19a6-b4e6-494d-b49e-23ec8602075e,perfume oil,723.7,Lopez Inc
approach,a6df522e-9af2-4d96-b8ee-db3563b8f65c,perfume,626.51,Davis Group
rich,3e92157f-7142-4814-bc46-fd35838b55fb,perfume,267.35,Jones Group
wait,e7cafdc4-cabc-451d-b2cb-71644d8ec997,perfume,932.69,"Mccoy, Dennis and Hines"
try,b78e202d-5ba0-4c96-a16f-60e13aab4c9d,perfume,811.86,"Nicholson, Davidson and Morris"
seek,c94991f9-9cbd-4db1-b308-e7cfa66e39a1,perfume,78.67,Blake Inc
go,ba6b0c53-5128-479b-b26f-caf62ad51090,perfume oil,692.27,Cabrera and Sons
drive,a7f2e052-014d-4aa9-b8b3-3e90f9f63616,perfume,159.61,"Stewart, White and Young"
effect,87cb7a35-f522-481d-8f21-97ccaaf034e1,perfume oil,632.01,"Henderson, Wilson and Maynard"
reason,5631d443-d218-4876-b370-b35786b75187,perfume oil,156.73,Savage-Daniels
reduce,9be5757b-eb20-4719-8a2f-c7fd2c34467c,perfume,354.86,"Cunningham, Barnett and Jacobson"
smile,a9bb434e-c64f-4a2a-840d-bf4fc74d850c,perfume oil,102.02,Morris-Zamora
spend,4cd36696-405f-4386-b9e0-244bbf852d84,perfume oil,115.3,Morton Group
focus,55b05086-d63b-44a7-85c0-105cb5c9c417,perfume,927.42,Sullivan-Fuentes
guy,c91bf1ef-81f4-4834-a450-1b509edb9aa1,perfume,707.37,Crane PLC
two,5b525e1d-17ca-45da-abc1-70d413348635,perfume,753.01,Miller-Porter
lawyer,2fe6e0fe-6868-471d-a6eb-117d0c505fbc,perfume,253.28,Wheeler-Green
little,9cbe072d-0c22-42c3-8193-de2051d2af54,perfume oil,162.14,Herman-Hudson
threat,021fb9a8-9bde-4eab-999a-65232841bb5f,perfume,950.61,"Mckinney, Garcia and Nichols"
according,d4416f06-3fa1-402f-9d16-c496ec9b01de,perfume,267.64,Carr PLC
do,986ba1e2-f191-4aa0-a2e8-66bce322fff0,perfume,439.38,Wilson PLC
modern,d586c0fe-0a4c-4dc3-97a8-21af756f336f,perfume,882.53,Franco PLC
defense,ba36dcb0-46c9-4803-a20f-80724f967a11,perfume oil,771.61,"Estes, Lucas and Edwards"
station,e4923cfd-a9a1-41f3-98b7-f865f2c3c9cf,perfume oil,286.16,Hoffman Group
pass,9445b6ec-9792-4a60-bc37-30ced30badc6,perfume oil,258.25,"Parks, Garcia and Parker"
short,5b4d1e82-3db1-4474-ac66-416088fb301d,perfume,908.47,Fisher-Livingston
military,01d55780-41a9-4c60-b44a-b9ba9ecccdad,perfume oil,809.38,"Gomez, Lopez and Crawford"
order,0dd0042d-6b71-43df-aa2c-ff1f9b6da7d4,perfume,667.58,"Gomez, Schroeder and Hernandez"
degree,7e8d62a6-bf4b-4e32-b6cd-dbd3020ede56,perfume oil,808.33,Stewart and Sons
produce,8bf19f77-3bb7-4c1c-99e0-43f695b59d4a,perfume oil,364.53,Dunn-Phelps
responsibility,18edc498-46b9-44d8-9df3-d9b0dcf81dc8,perfume,215.66,"Robinson, Mendez and Castro"
task,a249b9a4-2f3f-48c2-bd60-b1b9702e5bf8,perfume,22.26,Harris PLC
accept,ea82629b-c7d6-449b-9ec7-cbfb8934f195,perfume,990.49,Bridges and Sons
fast,0bd9acfa-7431-463d-9434-ab438c8ad0de,perfume,211.03,Mckee Group
hotel,103b0c03-50f2-40ce-b5cc-d56d62550a76,perfume oil,496.24,Brown-Robinson
really,ee88d44d-2482-4a96-9bbf-113e665c17ca,perfume oil,773.19,Miller Group
point,5d0eaece-734e-478d-b3fa-eccf11ac9420,perfume oil,161.84,Crawford LLC
find,dba9d0b2-067a-447c-b1f2-5e5b897c0d35,perfume,848.72,Obrien-Schwartz
laugh,09a46130-40ff-4e5f-997d-4b345809f726,perfume oil,703.43,"Adams, Allen and Luna"
dinner,589b342b-15bb-43b8-9a73-71865cc81c56,perfume,846.41,Scott Inc
hotel,fe4f6ec6-9866-4d9b-8ff5-8bb4ff79825d,perfume oil,487.66,Collins-Villa
person,7adf7e80-e581-441b-9071-a33f7bacae9d,perfume oil,49.0,"Glover, Wilson and Valenzuela"
political,e65f5579-727e-4341-8c93-72c19d1ff806,perfume oil,685.97,Cardenas-Jones
society,d4f9a601-5055-4aba-ab8b-1221cade2e22,perfume oil,573.16,"Ellis, Wright and Kirk"
according,aba4e135-bfba-4fa7-b994-63f26570a681,perfume,602.62,Miller PLC
evidence,353ddde3-5f14-4571-9fbc-49cf2fe8b05f,perfume,189.72,"Collins, Weber and Morris"
grow,d63e3f86-1d23-4033-bf87-5b1688dd6012,perfume oil,705.26,"Davis, Thomas and Velasquez"
before,7635035c-5352-4e6c-a9fd-e2bd979dc2be,perfume,393.05,Lam-Morris
even,0d51a573-4879-468b-8805-1006c2a149ea,perfume,182.52,"Huber, Haney and Duran"
somebody,797d1bf8-1008-4f99-977d-3fe841d1e69f,perfume,404.4,King-Johnson
source,7b49af98-a525-41e2-86b5-ac8327edd3b5,perfume oil,920.52,Alvarez-Johnson
single,22719359-c615-4f8e-92d4-1c2f0341a590,perfume,985.56,"Olsen, Williams and Young"
what,6dd5d1bf-e5f2-4c91-82a2-2bcd035c12ae,perfume,579.8,"Mcdonald, Medina and Morris"
idea,4ed74120-08b2-45c7-8451-6d1a17681870,perfume,704.9,"Fitzgerald, Wilson and Deleon"
across,6611a581-f10d-4752-8cce-8341aa0631d5,perfume oil,247.28,"Gilbert, Steele and Frank"
now,93a21710-cfb7-4192-9093-679c089dc2d9,perfume oil,370.79,Turner-Black
push,5c0688fa-d22b-42e1-b4b7-66557ddeda68,perfume oil,36.03,"Ward, Reid and Brown"
region,c435ec49-1ab7-4ab3-baa9-734bce6e6d6a,perfume,558.71,Williams-Love
including,81230f30-3655-4bc5-add8-5b95247f87d5,perfume oil,917.5,"Knight, Baker and Garcia"
involve,22fdfd14-e7d8-487e-b6c7-968d516b5159,perfume,252.02,Ward Ltd
follow,ad13a45b-37c7-4454-bbf4-fad4748d4786,perfume oil,332.69,"Williams, Martinez and Ramos"
lot,7303abd4-1632-4ef6-b080-b36f5c67052c,perfume,722.85,"Bradshaw, Clayton and Archer"
clear,a821a4f7-03ba-402f-8bec-6c5cef763ac9,perfume,864.35,Fuller-Lynch
want,805ce35a-a771-4210-b590-9441431730a0,perfume oil,916.12,Cooper Group
parent,eb508314-4728-4bb8-b008-1fb104770954,perfume oil,273.25,Watson-Stanley
happy,66420fd9-0c40-478b-b03a-d47e8e74296d,perfume,944.31,"Bishop, Villarreal and James"
professional,c7f582e8-6d65-46b7-b1d6-6c495b96f516,perfume oil,465.92,Murillo LLC
black,8dcdd790-abd4-42ea-a9f8-a9de5791781d,perfume,79.16,Pope-Castillo
natural,ef081785-79ae-4107-86c9-5d829b3e5bec,perfume,781.69,Lowery-Holt
all,61e6b324-08e8-4a17-84e2-17b153cf9139,perfume oil,171.2,"Moore, Walton and Robertson"
unit,7e66c3dc-d44c-4349-9bdd-f6b42f6ade61,perfume oil,300.81,Barajas and Sons
agreement,4b8c93c6-b2e1-4a22-9da0-a2cc09d11340,perfume oil,553.39,"Holt, West and Stone"
cover,296e07a9-fe7d-42e9-a377-06027372496e,perfume oil,63.66,Meadows-Henderson
why,cab6b05e-8397-487d-be9c-31416528d78e,perfume oil,556.87,Nguyen and Sons
section,00008eab-c8e5-447a-beaa-f719c16f1f36,perfume,281.83,Vincent-Wolfe
off,ad895c21-37b3-455c-a316-20cb7134e921,perfume,825.85,Graves-Odonnell
fly,99e3f63e-344f-4447-8bb1-38a522cee395,perfume,424.56,"Holmes, King and Walker"
sort,a13985a9-bbb5-48a4-8e96-4b6319c6b833,perfume oil,431.23,Nolan-Blackwell
throw,3b78895a-04de-490f-871c-a0f175e1d34b,perfume oil,974.84,Kelley Ltd
space,5524238c-49d5-4371-a022-345f7965b48f,perfume,574.17,Walker-Rogers
decade,7cb69678-da11-45ba-9e14-0e00f8c6c264,perfume oil,771.35,Howard PLC
benefit,b597b22b-9605-403e-8112-5e33c0c4f0d5,perfume oil,136.91,Wilson-Taylor
summer,61c0ba33-a986-45a9-8ba2-56cdc49ff64e,perfume,986.7,Diaz-Berry
believe,9edb2cb6-2ccd-484e-a2c9-d53bc628e762,perfume oil,839.66,"Cordova, Garrett and Mcdaniel"
relate,5a0de4a6-5acc-475c-ab40-b456a9a18da6,perfume,906.63,"Jones, Brown and Wade"
after,855b280e-5613-4540-ad68-3669467f8352,perfume oil,645.46,"Gonzalez, Smith and Wright"
same,6a0755d3-ced5-417e-8995-da291c2b133e,perfume oil,662.61,Yang Ltd
challenge,15dea223-6039-4bb0-a619-e3c243b756b1,perfume oil,482.89,Brown PLC
system,a96e8469-d8c9-4919-bc50-947ebb568ffa,perfume oil,778.88,Ayers PLC
benefit,f3ab114e-2e1a-4791-86c0-812ae850dd97,perfume oil,41.6,Bowen Group
number,ff888821-2997-4717-8cb3-384a35dd5b39,perfume oil,141.18,"Jordan, Long and Cole"
person,7fd2f672-5a89-41e9-80b1-14503d1ba991,perfume oil,417.78,Copeland Ltd
consumer,1003c148-9c39-4bd1-9cd6-a89ede883d37,perfume oil,654.66,Greer-Davis
condition,b5f99827-a832-471d-a522-a3b040017c58,perfume oil,542.91,Arellano-Valdez
cause,20df9a55-ff08-4061-984c-8e45e96d9132,perfume oil,999.01,Barron-Brooks
away,bffcf826-7270-4396-95f1-4b318985770c,perfume oil,733.18,"Jenkins, Steele and Sullivan"
organization,9998ada7-8593-4df3-8208-656a87e41361,perfume,20.72,Hicks-Lane
everyone,9ab2af2d-0446-46d3-91e9-9561c03aba75,perfume,218.03,White-Oconnell
success,3a50dcc8-4a0e-4073-beca-dab480e6caef,perfume,747.6,Patrick Group
again,ae9057b9-a297-4e39-b009-913f34081427,perfume,626.77,Johnston Group
study,b176902c-b1d6-496a-b4b0-f84d834b42e4,perfume oil,191.56,"Koch, Bates and Richard"
sister,dbd5a9a0-c835-4c12-b1a9-43325ac04fe5,perfume oil,90.65,Clark LLC
cover,17f29100-561b-4eb6-9f05-c0eafc14c1f7,perfume,508.06,Anderson-Hartman
speak,bcfab353-4635-44de-a961-cfb5ed998fd7,perfume oil,760.75,West PLC
back,2c98fad0-d523-4c6c-a51e-d2d78d1c8068,perfume,692.5,Smith PLC
hope,01f9ab39-ed91-4586-b7f9-8d2f23a08ea7,perfume oil,501.55,"Campbell, Leon and Collins"
six,8995c32b-b30a-44a1-803a-29ab4f6d3029,perfume,387.76,Jackson Ltd
partner,6b97fd88-890f-4ad7-820d-7327a43f518e,perfume oil,541.65,Hill-Lopez
realize,946d5812-8a1f-4cf7-b48b-bf5f25a545ca,perfume,27.07,Farmer-Poole
control,fed7aeba-f4ce-4395-92d3-52c08caea6d3,perfume,247.44,"Vang, Lopez and Brown"
chair,36042b0b-8f57-4615-9294-648c9f81bcd9,perfume oil,756.0,Phillips PLC
direction,f8f77bc5-ae47-450a-99ff-a2429a68f1f6,perfume,186.4,"Mitchell, Shelton and Lopez"
general,b483b910-be46-472a-9326-c0dae8043093,perfume oil,138.18,Davis-Blair
concern,c04b7c07-4401-48bd-bb1c-b0c894217591,perfume oil,845.87,Wright-James
child,6b361160-8230-4480-82ff-a1b7dfd291df,perfume oil,881.04,Harper Inc
arm,2ebab396-34d8-418b-baa7-3692382829eb,perfume oil,660.89,Harris-Santos
reach,2d317c27-f5ba-4ad1-9e0d-c32a0c7a746b,perfume oil,302.28,Newman PLC
American,40567635-4f18-49f3-a3c8-63d32d835d82,perfume,474.44,"Jackson, Walters and Tran"
professor,eb257925-ef6d-4d08-a6ce-52dea5b11abc,perfume,217.6,"Stewart, Sullivan and Daniels"
west,a8c2d402-219b-46c5-b88c-44dcb8a3f3c5,perfume oil,629.66,Cook and Sons
enter,3efb26f6-d96a-4bce-9d45-826cf44eb75e,perfume,894.97,Ortiz-Carter
care,3999216e-df72-4517-bdd7-5db3b013a36e,perfume oil,487.41,Gonzalez Inc
effect,7804d313-89df-487d-a261-2920d0427c16,perfume,166.39,Taylor-Sharp
city,45fb1b7a-31df-43ae-9ad8-92968c2fa2b2,perfume oil,21.43,Jones LLC
improve,6e133167-c1f3-4e7a-9a61-0b47f95c34f1,perfume oil,997.78,"Cochran, Abbott and Foster"
service,58c97a08-19cd-4c11-a002-ef92d7ccbaf9,perfume oil,468.84,"Wall, Henry and Mendez"
design,806385b8-0f44-4e9c-a8a8-b57a25a5e191,perfume,533.22,"Branch, Brady and Lopez"
later,604de4dd-327b-424c-9f22-296fe63830e9,perfume oil,416.87,"Bates, Silva and Schwartz"
glass,46f2dac1-1ad1-4298-a9a8-95423b4dbff0,perfume oil,216.85,"Leblanc, Baker and Cummings"
expert,c16010ef-3437-42cb-a478-6ba7d2d96034,perfume oil,18.75,Lopez-Simon
easy,66cb2b98-31f6-40c3-bc0b-9b654ff111ad,perfume,169.2,Wallace Ltd
research,37786033-cc04-4800-9f66-74ac92063a1c,perfume oil,950.37,Anthony-Hayes
nation,a5583cd7-dcb3-41dc-b6da-e37e24c39ccd,perfume oil,40.91,"Welch, Little and Adkins"
end,0e867f4a-b672-402b-bb4e-de26ce9757b3,perfume oil,571.75,Martin-Adkins
performance,0a251e19-5cd9-43d2-99f1-855979a78e83,perfume,490.77,"Romero, Bell and Huerta"
crime,27aef7f9-5bf0-4537-972a-41886bc7287f,perfume oil,445.6,Burke Ltd
field,26353590-b90b-40ee-b652-43bc5445143d,perfume oil,322.45,Dominguez and Sons
forget,cbe12929-383e-43f6-baf0-9ceb9364a3db,perfume,318.69,Brewer Inc
deep,512829c3-be72-4089-802e-effbda4f6bec,perfume,135.07,"Robinson, Moyer and Stevens"
leg,6013276e-c474-4536-89c8-1a953752ddf5,perfume oil,66.12,Garza-White
stuff,8b6f81d5-80f1-41eb-a892-dd582779411b,perfume,29.52,Allison Ltd
part,b8129fc0-3fdc-49fc-8b6b-58bea35cca63,perfume,747.66,"Welch, Henderson and Le"
environmental,2543bba8-3eea-493b-b0ed-0693c940de93,perfume oil,272.55,Mckinney Inc
meet,0100f654-d364-461c-9d7e-b96f9abe0146,perfume,952.01,Harris Inc
language,d06e5522-7e59-4e17-b459-4f08f88f66c8,perfume,455.79,Meza-Stone
building,b6cd5522-fe18-44ba-b94e-0f1a2200ca2c,perfume oil,453.35,Johnson-Bass
every,a6ff3910-a3c9-4b01-ab94-53ff8a8ec468,perfume oil,41.46,Nichols LLC
paper,83be3dff-8385-4d29-89ef-6a2e157672d4,perfume oil,705.26,Lewis-Wang
fine,247eb9f9-c5c1-435f-9e9d-18f6b49a27b3,perfume oil,33.33,Callahan Inc
more,6ac6b202-9641-448a-84cd-d89ec2798e5b,perfume oil,577.43,Curry and Sons
lead,50979a83-44fd-42a1-b6bf-b4dbfe08a2eb,perfume,193.3,"Martin, Hill and Weiss"
music,4cfc7bec-eb20-415d-9f2e-4d2cdba67a2c,perfume,113.35,"Harris, Mcpherson and Webster"
today,6ea69bf0-dc9d-4e12-9cc6-b330805af80c,perfume,832.75,Bryant LLC
them,3aec39b2-37ee-4c2b-8c81-b6949119e83b,perfume oil,304.1,Sloan Ltd
financial,ed0f58de-c5c5-4c92-ac5a-8ecce27742a1,perfume oil,909.88,"Duarte, Gonzalez and Mendoza"
four,fa7f173d-d69d-4106-af22-e4b0267a4d5d,perfume oil,872.78,Garcia-Farley
material,2242ea6e-04c4-485f-99ce-dc81158070d3,perfume oil,281.5,Mitchell and Sons
dream,54788288-9c4d-4851-a7e5-d4c494221343,perfume,829.75,Macias-Velasquez
fact,0b239619-2890-4034-84d0-216024fd234e,perfume,236.54,Rhodes Ltd
expert,6f354926-3a6b-4ce7-ac52-efc5579ea090,perfume oil,707.26,"Woods, Smith and Thomas"
indeed,f4af9d3c-eec1-4df2-80f0-265c131e973c,perfume,293.26,Ingram PLC
store,17f15b11-98a3-4949-91d9-969588e8ff89,perfume,880.89,Elliott Group
trouble,549784b4-bea4-4037-a669-5831374847c5,perfume oil,374.46,"Rivera, Bradford and Vargas"
now,d18dbab8-e879-4e8b-b809-cc079f3affc7,perfume oil,454.91,Potts-Potter
beautiful,0063dd40-cd82-40c6-a169-f7fc9c4587ec,perfume,366.14,"Roberts, Rogers and Hall"
include,30392bfe-1a1a-4bec-845b-a001ea71340f,perfume oil,137.26,Price and Sons
piece,7d7dab23-667f-4198-9c53-859d3a45c491,perfume oil,925.19,Elliott-Fitzgerald
middle,6506df43-580e-4234-941e-62f5a0db8953,perfume oil,494.62,Anderson-Miles
would,9ef83c79-3b1f-4c2e-bd68-2bf7bb4ee7c9,perfume oil,892.65,"Logan, Cooper and Carter"
as,ee28c50c-2b82-40be-a833-63605fa7c9ef,perfume,92.83,Haynes-Mccoy
though,b506f5da-31cd-4946-891c-bea152c9ba5f,perfume,115.51,"Watts, Smith and Hensley"
office,fc000d38-cd07-4c1c-ba70-fbb544c1d60b,perfume,827.42,Charles Ltd
culture,4ca670b2-428e-4ad4-8bd6-e9622d12efc6,perfume oil,259.65,"Garza, Gordon and Navarro"
scientist,4f3b2444-1d76-4255-9f25-9f84aac66ac2,perfume,329.94,Bryant PLC
control,7052218c-8b7f-48a5-b334-3d4702542f48,perfume,829.67,Riley-Cohen
forward,0d694998-8fbd-4ea0-bf6e-fc8ad89ea3e9,perfume,182.77,Thompson PLC
off,c495e04b-edfb-42c8-b28e-813195489200,perfume,797.34,Marshall and Sons
agree,4f438d14-71d2-4ad2-91da-aac7cec20110,perfume,356.49,Martinez Ltd
organization,4fb4cb79-d5d4-4232-8cc1-4d86857090e4,perfume,48.24,"Figueroa, James and Riley"
front,f417ebb6-a043-4d77-81e2-d55ace2e6673,perfume oil,912.1,"Johnson, Bell and Adams"
beat,dea7d866-7c85-4809-bde4-dd1ca505182e,perfume oil,913.31,Mcdaniel-Taylor
heavy,eb0fbe22-bc21-4ab0-8e26-fd805affcd62,perfume,393.57,"Harrington, Richards and Beck"
outside,9fcf593f-586a-4a59-9826-06671fa173cb,perfume oil,482.77,Tucker Inc
thus,6e4b9e7e-0eb8-4737-99ca-9eb414f00abc,perfume,928.8,Young Inc
why,a3dc8dd0-bd15-4d7e-ba82-e0fdf22348c3,perfume,552.51,Evans PLC
human,f8f092a7-a7ce-4087-b07c-43ede1d486a9,perfume oil,487.72,"Mitchell, Price and Davis"
high,9d836a46-5dff-4a36-8c26-2e47b0f0bd73,perfume,913.46,Maynard-Herring
bar,23db9b8f-65ff-4ddc-8d9b-8d947dea8877,perfume,337.84,"Kelly, Chapman and Pena"
with,1a8028d5-faa2-4070-9b2f-c65c850a0285,perfume,360.97,Rodriguez-Hunter
north,b8dfee83-c4d1-40fb-bd28-528036cf1b2a,perfume,29.69,"Brewer, Miller and Wood"
direction,2568967b-a30b-40ee-9727-24f9e6ecea41,perfume oil,623.63,Torres PLC
these,f2b062c8-0a3a-4dcf-9b39-607666834e16,perfume oil,560.62,"Kaiser, Dennis and Thompson"
move,9b690b74-eb65-44c8-b3bf-b87a0dc1d114,perfume oil,984.56,"Anderson, Mahoney and Barron"
worker,63cb9f7a-4cf8-4611-8401-d6117f17eb29,perfume oil,246.45,"Carroll, Campos and Weber"
particular,4869c5a9-17d2-4a96-84fc-bd9ec5057d57,perfume oil,409.2,Richardson PLC
particular,c74672a9-5d9c-441a-91df-f649514c97d0,perfume oil,120.94,Steele-Baker
will,1d47ea9d-107c-46b4-bda1-7daf4deb08b0,perfume oil,286.44,Thomas Group
machine,7e5f9321-2594-4b8e-bedc-1c9d34a2f591,perfume oil,463.55,Torres-Noble
easy,17a872f8-b2dd-46b1-8c0c-cedb7b8a95ed,perfume,503.63,Allen-Harris
bring,fc2ebdb6-112b-4c0d-b586-04ab3a6a83ce,perfume,189.39,"Pittman, Collins and Glover"
go,43856ca1-ebe0-47ed-a676-7a6260e4e4e3,perfume,678.02,Jordan and Sons
name,a67c5a3c-b07b-473c-8760-aa6fca73d2e3,perfume,937.24,"Mullins, Brooks and Reed"
open,63d27952-228c-4968-83c2-d242756b8840,perfume,183.14,"Johnson, Howard and Hobbs"
no,cf3fee69-5e45-4f2a-86dc-6dca2d40e1d1,perfume,32.67,Mclean-Allen
age,459b57af-b049-4f72-b81a-ed8d5da5e5e1,perfume,480.65,Johns Ltd
sell,febfb6d8-2fe8-46fd-83c3-9304ce48bf1c,perfume,354.98,Hale-Barnes
face,ed74129f-7699-4ad8-abf0-351c5efc655d,perfume oil,272.55,Carpenter Inc
catch,a1560942-f93e-4a08-bb1d-86cfd59e90e8,perfume,976.73,Hartman and Sons
former,2c93edfd-499e-422c-ad43-2bc007b23106,perfume oil,661.34,Powell Ltd
next,0d53f5d7-7531-441d-bcf3-899fae14dcb9,perfume,407.81,Hunter Inc
serve,d8c5620c-e346-45f8-b80b-0093ee1dedfc,perfume,766.82,Wolf-Erickson
why,0044ca88-a265-4d08-94ec-dddc34e94d3e,perfume,916.56,Rich-Chen
each,71483dc8-d18b-4f96-bed9-c3ccc3ced1a7,perfume,68.3,Odom Inc
also,1098b9e1-f48e-40e6-8754-f51ddf67e202,perfume oil,172.05,Stewart Group
exist,ab5e1ea0-bb16-4724-9f9c-a3819a51a29c,perfume,810.9,Nelson Group
goal,df4a5e8b-5001-4cd0-bff5-aae44f7019c0,perfume,970.9,Moore-Hubbard
be,866f3b15-3b02-4a3c-8791-1d441b9245a5,perfume oil,655.59,Oliver and Sons
certain,d05c4dc9-9a62-4fab-9ade-497280f3c5cd,perfume oil,113.97,Boyd-Weaver
number,cc8e0ab1-9b86-46a6-93f5-9d6031a45376,perfume,733.09,Blackwell Ltd
they,93bcf22e-8466-4551-92db-2d491001c7c5,perfume,271.8,Cruz Group
despite,c776359a-7c14-45fe-91dd-9ae4e4472539,perfume,239.89,"Dunn, Alvarado and Rich"
improve,a786ba6c-7b4d-4a0f-90f4-3861d618a2df,perfume,222.39,Jimenez-Allen
food,aaa8a723-5ed4-4ef2-a3d7-240604d76fde,perfume oil,297.41,"Richards, Rivera and Bailey"
carry,45f39270-692b-416c-be81-dd36e488d5f3,perfume,602.73,Caldwell PLC
key,a3bf8c0d-46b3-4d50-a588-03f5ac38b3d5,perfume,391.74,Rivera-Smith
dream,965d6e8f-e635-4bd6-a0ca-cb99133a6215,perfume oil,598.66,"Stone, Ortiz and Allen"
bank,662813a1-8895-4b41-8b47-b804d627a079,perfume oil,888.05,Mcgee Inc
in,884e4dda-2e23-4261-a65d-3335443d594d,perfume oil,655.5,Cox PLC
size,93e797a7-4d4b-4bb0-ae88-a274515ae597,perfume,513.02,Ramsey-Woods
fear,5ff4b428-3bf6-48f6-9c95-fd88a3a42221,perfume oil,449.83,Thompson-Lopez
during,4992a379-81f4-468e-81ae-ef03b663e5b0,perfume,106.34,"Graham, Duncan and Williams"
pressure,f69cb7a8-2244-4fe3-bb86-d262fa3ebfd8,perfume,360.74,Morris LLC
month,f6b8abfc-319c-439f-9c82-b44728bf684f,perfume,434.23,Taylor LLC
down,ace9e48a-8cef-4b90-94d2-504565789a96,perfume oil,727.13,"Crawford, Joseph and Wheeler"
decide,1ac53cba-a0c9-4355-a7e2-48466b434c5e,perfume oil,905.16,Morton-Gould
method,6cff0781-b75f-4889-82b6-f847a919cb2a,perfume,384.05,"Compton, Mcknight and Hansen"
community,b00ac0d3-cf9e-44d0-bd06-614ec0bac1fb,perfume,24.66,"Terry, Stone and Noble"
and,8b1782f4-719b-483e-bcd8-a521ff60b8e5,perfume oil,245.08,Roberts and Sons
stay,b37db323-6a17-4b0d-854d-3e90a9aa63a0,perfume,51.9,Adams-Ballard
loss,d5faa3ad-2afb-4986-befe-5f89e3e82c96,perfume oil,439.95,Shea Ltd
school,c58fcfd5-cd56-4552-879b-80c6da80ff0d,perfume,142.33,Rodriguez-Smith
question,7973b4cb-56bf-4d58-9a5b-73480cded2f1,perfume oil,902.14,Blackwell Group
pass,200f64af-7669-432c-b535-952364e6e084,perfume,221.69,Jackson-Nelson
kid,841c36e3-25cf-4199-bd7b-c4c7fd0c6cca,perfume oil,47.95,"Henry, Good and Byrd"
model,32e7a88b-974c-4132-99c5-f3610a4cee8c,perfume oil,122.69,Sawyer-Santos
read,7beab9cd-b196-4a5a-87a9-ddbd06253db4,perfume,655.66,Williams LLC
trouble,5f90dfcc-e4db-412c-a17f-9509c2343500,perfume oil,129.77,Mora-Johnson
management,7f3aa784-0d03-49a2-8dcb-5a5e78fc6bc6,perfume oil,103.65,Buckley Inc
popular,f2a255c7-b896-4b37-a5e5-09473625787d,perfume,749.53,Montgomery Inc
task,4249f89b-bb08-4dd8-a7f9-98ad84d7e3c8,perfume oil,451.96,Reid Group
sister,c826e3d8-98da-4533-a308-587af79767a8,perfume,963.35,"Wright, Anderson and Gordon"
TRUE,252fb487-61b7-4c06-be95-27517f1872ca,perfume,31.91,Davis-Monroe
contain,854c2b6b-6044-42c1-acef-1bfe2077e04d,perfume,599.81,"Lawson, Perez and Daniels"
have,8db70a14-771b-419d-aa19-c4002ae4d3a5,perfume oil,944.17,Edwards-Gonzales
catch,325c2dbd-659d-4013-bdbd-3a2cf4f9f96d,perfume,180.25,"Lam, Campbell and Robinson"
court,2e3b829e-228b-4de8-b4c6-419967a6addf,perfume,974.48,"Pham, Jackson and Cook"
reflect,fd0c102c-e52e-4bf8-b2ae-ba0ca8ae5c33,perfume,84.32,"Orr, Davis and Mccarthy"
blood,c5b462b4-7652-437b-8370-dd4961daafb0,perfume,71.94,Reeves PLC
present,cf9c1f35-257c-47f1-b989-bdda6e1296d6,perfume oil,175.23,Pruitt and Sons
song,2db10884-6606-4316-a03b-09c2ce802b30,perfume,826.92,Garcia Inc
employee,4432e61d-9794-460d-9b43-16af0085d834,perfume oil,11.38,Hahn-White
center,1e216621-37ca-49b0-9e93-9df709f711aa,perfume,513.63,"Hunt, Williams and White"
manager,6c16237f-d97a-4c93-9509-b72271193c7e,perfume oil,241.24,Watson-West
capital,15c0792f-fcc3-44ba-ae29-51abebc104a7,perfume oil,349.13,"Hess, Briggs and Mcguire"
recently,2bcdf496-5634-4250-842c-6567f3418499,perfume,386.81,Hill-Barnes
network,e177a7f2-3883-46ac-8b55-53a8f72d806a,perfume oil,622.6,"Davis, Wagner and Fields"
street,b9239053-a827-42ad-8c91-c4d3f9bca0e1,perfume oil,859.37,Sanchez and Sons
system,9251bc13-73d3-4ca4-aca6-545b84ca532a,perfume oil,782.97,Wilson and Sons
edge,6bbe3fc2-0d1e-41aa-bf5c-1517956dfb47,perfume oil,487.68,Simpson-Wright
describe,18e07126-254c-4257-a850-1c1cabe50cb8,perfume oil,614.94,Parker LLC
light,5d064d84-0f68-4834-a0b6-caa8ed1a31e8,perfume oil,325.66,Flowers LLC
figure,f63cb904-8936-4956-ae56-1791c1d4d073,perfume,293.14,Morales LLC
campaign,040ad4f0-b292-458a-9123-90cc9a5327d0,perfume,74.29,Smith-Brown
week,ec58b287-d3d5-4674-8409-28dcbfe52acb,perfume oil,472.24,Oliver Inc
item,4ced8a79-fa0f-46e5-952f-a90c1a17b531,perfume oil,294.01,Bell Group
end,30ef49ee-b7f8-4ce6-95b8-5a15079b04d7,perfume oil,309.11,Gomez-Thompson
herself,b6c328cc-9615-4c73-bc6d-c3ef38268950,perfume,44.2,Bright PLC
choose,f960c69d-0781-4b91-a1f7-e27bee3e4f9e,perfume,731.13,Mitchell PLC
also,7e717220-5001-4de1-ae00-fd619b5cd29a,perfume oil,308.71,"Johnson, Harrington and Williams"
guy,9d08c8e3-dfb1-4542-b10f-c2c8fba04764,perfume,647.64,Hester-Bradshaw
theory,704896db-ec32-4717-9075-9c37079df844,perfume,14.67,"Salazar, Frazier and Coffey"
language,565e0df8-243e-4e74-8e23-3c4b86381b01,perfume oil,332.57,Davis-Garcia
into,0831b5b9-7ac8-445c-89b2-5ce3a76facd7,perfume,768.59,Jackson-Coleman
other,47f39694-d044-4123-a6c8-21a1be08e275,perfume oil,289.58,Nelson Ltd
see,8035fc07-663c-437a-b4e4-722ff2a86b35,perfume,811.67,"Lynch, Holmes and Gregory"
second,fda08998-4718-4bfd-bba8-2a89e218f695,perfume oil,565.18,Campbell-Ruiz
sister,f12a7e29-3bd7-4ecc-a3e4-f66b931aa85f,perfume,802.81,"Reed, Robertson and Hawkins"
summer,05167e3b-9390-41dc-a087-75368ea4905c,perfume,884.67,"Pace, Mathis and Miller"
suggest,3c8655b4-4122-4044-abf4-a93667f0711e,perfume oil,90.4,Walsh and Sons
hair,b2cfc916-d9ac-420d-96cc-e4441a099497,perfume,725.91,Shelton-Leonard
executive,d6e79fbe-b6f6-4149-a457-9c08a431fd18,perfume,936.22,Martinez-Reid
treatment,96b68e80-3f99-47d4-a531-65d570d13177,perfume,439.69,Cook Group
use,6c813088-c7cc-4cff-97a5-bda25a54b3a0,perfume oil,365.42,"Fields, Rodriguez and Russo"
range,5856a557-9f64-46d4-bda7-9bc05079419e,perfume,339.06,"Wells, Franklin and Graham"
stage,8fa9163c-57e1-4482-b08a-d0c3423d85f7,perfume oil,141.25,"Schneider, Macias and Jones"
power,89679f86-6642-4849-b242-c8540cad6fb2,perfume,904.95,Harding-Petersen
national,d888e4a6-aec2-4248-a212-248e0b144341,perfume oil,405.45,Hicks and Sons
none,35398074-c69b-4142-9de4-0c8aee84b32c,perfume,887.52,Fuentes PLC
model,3bce77e5-00b5-41a5-9497-8eaa6d5c1d0b,perfume oil,290.83,Oneal-Myers
less,36513ac0-504d-4bd4-ba31-16daa5c2ce25,perfume,924.86,Smith and Sons
it,dd3c4c51-e1d1-451d-8d0f-f9829d114b74,perfume oil,902.73,Mcneil-Morgan
majority,25a90465-6ca3-4fea-bca0-09df36f2e9ff,perfume oil,854.84,Ryan-Montgomery
apply,4477e239-87ad-420e-9c3b-bd3136a5ff23,perfume,253.13,Brown PLC
me,7b5e8953-6311-4fb0-bf5a-eb5c95185732,perfume,365.14,"Taylor, Miller and Frost"
rather,f157702c-0dd9-4c06-8cc3-e05a9dfe3be4,perfume oil,683.44,"Thomas, Ellis and Shelton"
war,6dd45990-c0f0-4191-a841-9da7558b4d1e,perfume,389.84,Brewer-Smith
enter,90af5762-5f1e-477d-94ba-25f24a832d7c,perfume,46.34,Acosta Group
like,fb563eb2-b6a9-4171-8214-c64455e7c980,perfume,374.32,Hurst Group
drive,9b42b691-59ff-4fe3-80b3-688045566fd8,perfume oil,585.7,Hensley-Martinez
go,f0464cf6-1bf3-4ff5-a0ab-272e48fb736c,perfume,468.53,Brown Ltd
speech,eed8a5de-614d-4264-acd8-4bac9b3ca186,perfume,321.35,Williams LLC
recent,9c993e6b-b7f9-4e54-b21c-6f4671a78e41,perfume,486.25,Benson-Johnson
political,cc9059b5-d443-45b0-811f-517d9fdea839,perfume,195.44,Parks-Heath
director,aba82e09-5915-4a4d-9c20-99634ec4a424,perfume oil,391.78,"Jacobson, Gonzales and Snyder"
international,94cea3fe-c058-404f-a288-321f1918ff22,perfume oil,573.86,Bennett Ltd
ground,6786ee1d-8624-4578-9a27-e7d82b52eb60,perfume oil,638.38,"Williams, Hernandez and Maxwell"
mind,f66dcb43-c3c7-4af7-9c3e-4fb63524bf35,perfume oil,430.35,"Hernandez, Villegas and Holloway"
natural,a18d04fd-0a53-4690-ab85-5e0eda00e0f2,perfume,401.68,"Mueller, Rodriguez and Palmer"
by,23a0f098-920b-4898-b5ec-f55fa12d3e15,perfume,21.29,Hamilton Inc
TRUE,336a70a0-e034-4dc2-8ea4-b5a4d752cd74,perfume,664.55,"Ryan, Dixon and Johnston"
during,7453b47e-f060-42aa-baeb-ea751837b154,perfume,805.94,Johnson and Sons
sound,27dc3f66-35c3-46e1-a5b2-a099c9e21de8,perfume oil,675.96,Meyer and Sons
rest,1e91da62-e59e-41dd-83f4-aac56f35303b,perfume,808.2,"Gray, Hess and Harrell"
sit,20928c19-821c-40af-8c34-bec4e605f3e1,perfume oil,587.71,"Mckenzie, Ford and Rodriguez"
eat,486571b1-87fe-4ea2-a2f4-b4b1dd3f122a,perfume,465.7,Wright-Nelson
course,bc20d5a7-4d2e-4a83-83a2-1eb72b465d7e,perfume,410.32,"White, Taylor and Hood"
develop,a17d30d4-00a1-41ba-8d07-c2f0fe2d3ef8,perfume,416.32,Gilmore Ltd
enjoy,d2dbdfcd-8eb7-4aae-958a-c543940a75ed,perfume oil,731.51,"Rodriguez, Bradley and Morris"
under,7a50b463-2cf0-48b1-93ea-6369f57df695,perfume oil,223.21,Miller-Santana
too,9bf8f808-d679-4a2a-bf84-bd93d6f69390,perfume oil,226.63,"Harris, Santiago and King"
every,46586cf2-e8d1-4054-9da5-5e31a219af60,perfume,734.2,"Cherry, White and Banks"
those,f863d807-9ae9-4125-9f0d-d5c2dfc9e761,perfume,37.86,Hoffman-Mahoney
scientist,93932cf6-78b0-4fa6-bc8c-893131b14b50,perfume,748.51,Gentry and Sons
maybe,e272be32-29ef-4dc8-a1aa-9faf861ebcae,perfume oil,482.03,Hood-Davis
power,49bf982f-3c15-4b50-b84c-74586d47730d,perfume,576.61,Sanders PLC
anything,ad481342-0e01-48d3-bf9c-633066b26191,perfume oil,425.63,Benson-Haynes
human,1106ba8a-d00e-4da5-852d-c049691f349f,perfume oil,577.3,Lewis-Johnson
available,3c90df28-7a18-4d5e-aee2-2686ad25e0af,perfume oil,36.49,Adams-Mendez
their,8a4ee16b-d742-4240-810e-bf6593dcd03b,perfume oil,930.43,"Peterson, Thompson and Harris"
growth,77e86b60-fb65-4a8c-89aa-7296d675aa41,perfume,800.09,Melton-Taylor
hope,b6b74885-b0af-4cde-9d88-28a79e9f6fe2,perfume oil,121.55,"Conley, Butler and Vaughn"
really,ab45f3b3-971c-4bed-b45b-d2d0ecce925b,perfume oil,638.0,Cruz-Taylor
lawyer,5cd0e2c1-8542-47b5-acdb-54f5f7d338db,perfume oil,444.98,Fisher-Ramirez
today,f65922ee-fedf-4949-adf7-cf8161066313,perfume,430.38,"Wilkerson, Duncan and Anderson"
site,5fa0c061-e9d0-4f14-8ec7-cfb7f81a58de,perfume,495.98,Carter LLC
study,683c9638-a354-4759-8feb-6328b075462b,perfume oil,307.18,"Garza, Williams and Hall"
director,574c118f-914f-41ec-89b2-7898656c3d72,perfume,507.63,Jones Inc
cut,ca930ab9-3bd8-42d2-97a4-3cba80f167a2,perfume oil,748.04,Dennis Ltd
beyond,30d39ec3-7f1a-483f-a613-20f032512af9,perfume,925.72,Roberts-Richmond
color,6e0ca861-3f25-48e4-8bb1-57c3a7bc96fe,perfume oil,988.92,Jackson LLC
smile,c0642b65-ce03-4e4b-8dcb-3c19d7493e2d,perfume oil,511.8,Davis-Smith
inside,14aa656b-6ede-4b83-8ae8-7bb7449501ae,perfume oil,589.79,Perkins Group
speak,4116435a-4554-406f-9b40-4c88d9372a19,perfume,246.34,Gray PLC
particular,0f68d220-c617-4315-a750-f95263df5602,perfume oil,975.06,"Gomez, Mitchell and Reed"
since,bcf1a79a-94e5-434d-97b9-cfb6decace6d,perfume oil,141.47,Smith-Foster
brother,2a601702-2b12-445c-9c70-ee75aefbf7df,perfume,631.99,"Mccann, Edwards and Russell"
strategy,e85403f6-174c-4432-8de5-732665217a56,perfume,195.32,Terry-Graham
product,b311e560-1d31-4fb6-9c3d-75be31715302,perfume,174.0,Wilson Inc
maybe,216ba80c-cc8d-4f25-869a-a02e31e9c201,perfume,222.96,Scott Group
letter,004c16ec-ec89-4404-9276-ab147738fe61,perfume,270.1,Abbott-Johns
last,5d816a5a-76cc-490a-b81c-7a742a6b6386,perfume oil,708.72,Burke-Jones
collection,4b302fe4-ae67-48a1-be05-61e7fee21740,perfume oil,896.78,Beck PLC
whose,4380c55c-03e1-407f-bb54-cb9a9ac1ccc7,perfume oil,660.68,Phillips-Freeman
vote,5fd05466-4f92-4f20-adf5-49cd8f048719,perfume oil,956.99,Baker-Pope
five,dd1f015d-dd75-4956-93f8-e54688e01e90,perfume,285.67,Lopez-Good
father,a4ae385d-cd91-43d1-bc23-155695198e7f,perfume oil,532.44,Graham and Sons
level,d8d4ddc9-b712-40a6-9015-1d72fe13b74a,perfume oil,401.68,Parsons-Davis
drug,edccb5e7-0eb7-4609-a0fe-7a714e25e785,perfume oil,880.3,Foster-Morales
few,043fca58-2faa-4ed1-b7a7-f064137b03cb,perfume oil,964.53,"Davis, Brennan and Peck"
with,4282acae-49ff-4d1f-b85a-d8e4068b4d44,perfume oil,815.74,"Proctor, Anderson and Smith"
state,c0ca8a6a-14ac-4dd8-b38a-bf40895cea5b,perfume oil,725.26,Webster PLC
through,42e0e485-e025-42f2-8864-635bf8a71a22,perfume oil,803.49,Knight Ltd
it,8390a35d-151e-442c-8e50-41e6b047630f,perfume oil,450.07,Shelton and Sons
say,6156884a-654f-40a1-a33c-848dfed6f106,perfume oil,440.75,"Monroe, Barnes and Hardin"
show,47d12107-07a9-4a8e-9ced-319bbebaa5b0,perfume,658.18,Miller-Adams
science,cbcbe429-c27c-466f-a744-d6150b8a6f1d,perfume oil,792.08,"Deleon, Anderson and French"
direction,aebe51c9-56c0-4492-9731-69b7bb4b6e15,perfume oil,76.92,Foster LLC
measure,b9f9aef4-b445-4c23-8a49-7592e61f3963,perfume,840.55,Walker-Torres
reduce,6320ce52-c61e-4db8-a19b-9e1c2b024e2d,perfume,570.33,Smith PLC
century,05630bb4-0dc3-43c0-89a8-cd0e3a1c7b10,perfume oil,426.4,"Sullivan, Morgan and Herring"
beautiful,c1b8308f-1f9f-4609-9a41-4ed4df283823,perfume,210.73,Franklin Ltd
number,b08024b6-67b2-4d19-b7fd-9c3476e529e7,perfume,778.79,Lopez-Huff
possible,47afb595-3814-4a69-ba02-ae45030631d6,perfume oil,350.9,Evans-Gilmore
prove,39b332d0-381a-4c31-9afd-9978de2dc705,perfume,616.4,Webster-Reeves
recent,194716d9-6658-45f4-ae19-acf4f883bedb,perfume oil,551.31,Terry-Jones
huge,6613b3da-90ad-43ad-96db-61178b421155,perfume oil,381.59,"Abbott, Wilson and Turner"
customer,387cd4b4-4d95-4a29-9d6f-1578e8ffbaf7,perfume oil,480.6,Harrison and Sons
car,8bb48499-68b1-42cf-9b8f-8fcbcba4cebc,perfume oil,920.94,Mckee-Caldwell
again,86cda1c9-7434-4b58-bff0-96c74acd7f95,perfume oil,73.68,Ruiz-Wells
religious,e75f06f8-8cdc-4f4b-84ec-58a852ed666b,perfume oil,272.64,Smith-Coleman
every,74094096-a9e5-4b54-9182-2cf790a729d8,perfume oil,879.33,"Trujillo, Allen and Baker"
executive,5a4fd17f-7fea-48d2-9abf-443d615d27ae,perfume,237.04,"Espinoza, Henry and Alvarado"
probably,f947c2ed-98a1-4e50-bd1f-8684759cd1fa,perfume oil,825.49,"Cardenas, Ballard and Calhoun"
trip,74a51c14-49f6-48a0-b83d-d121006e9ba8,perfume oil,817.92,Garcia-Martin
federal,0d200364-a876-431f-b196-108b1ed84fc3,perfume,355.58,Fisher-Smith
response,a2b11346-2ccd-4ef2-975f-9ef25ba3bfce,perfume oil,123.48,Murphy-Brown
site,2b2f9cea-be49-47a1-8bf5-378e83aabb4d,perfume,413.66,"Williams, Chen and Wong"
degree,ddc2418d-26f5-495a-92d6-9f22786f03c1,perfume oil,951.81,Vargas-Sanchez
poor,0dccc166-72d9-41c1-b63d-41d031ede146,perfume,533.71,Morris-Bell
source,ba2ced77-92ca-4bba-a3b2-022fb62688be,perfume,425.66,Estrada-Fernandez
material,5c16e8fa-d7a3-401d-8afb-0e83cc427bae,perfume,71.72,"Bryan, Lopez and Clarke"
across,8b7a98b7-0f20-4e5a-9acf-6ff2fafc19a3,perfume,35.54,Evans and Sons
moment,15a9cd0f-189a-45a9-b2bb-808f7a6cd1c6,perfume,236.6,Lang-Arellano
family,69a7bf93-15c5-41db-9e5c-efbaaaa28c05,perfume oil,754.0,Dixon Ltd
agency,0a3b0bd9-cd87-4753-8baf-12fc788ab8b1,perfume oil,669.99,"Davis, Morton and Huynh"
city,9f757e1a-0783-4eab-8f74-c2db0c285eb4,perfume oil,642.73,Berry LLC
art,60962282-712f-4821-8896-6c9e720095f3,perfume,309.77,Kelly Group
like,793dee1f-7e3d-421f-a1c0-bea41226fdf1,perfume oil,462.96,"Davidson, White and Cunningham"
rate,2c128e86-167f-46ee-986a-538e89e7de67,perfume,195.63,Riddle Inc
leader,be8a298e-4cbb-408a-8606-47bed776c313,perfume,692.74,"Colon, Smith and Garcia"
interview,f0dabecc-605b-42a0-a410-0b8911889270,perfume oil,103.5,Singh PLC
short,8e88f71f-e2e9-4897-b61d-146f993a3d1c,perfume,952.26,Martinez-Gross
day,bd01d634-1a89-41d8-acec-71da473173a7,perfume oil,177.93,Valdez LLC
door,b859d126-d1c2-4c3b-bc0d-fc0ffd065fd5,perfume oil,152.96,Johnson-Pierce
democratic,531ed5fc-9ec0-495c-9bb7-18ce1aba0cba,perfume,563.16,"Moore, Thomas and Walker"
military,7793150d-b887-48f1-8bd9-6060b6ef6b97,perfume,586.4,Esparza-Perez
among,55f991b3-5dc7-4745-a29c-47f4d5ba430e,perfume,976.53,Johnson Inc
billion,a53aecae-967c-4a0b-b57c-ac837b7bf425,perfume,535.16,"Lang, Benson and Rodriguez"
debate,523d6da1-7cf0-4a65-a718-fa966dcf919d,perfume,522.64,"Juarez, Turner and Tucker"
off,757d3362-a4ca-4eb8-8221-4b2bed0b20fa,perfume,100.93,Meadows PLC
fire,07206fc5-78c2-4687-b64e-d56a4a1f96af,perfume,65.01,"Frazier, Marsh and Smith"
religious,ed0bc971-d934-4aa0-a328-71a7c8122b99,perfume,329.33,Johnson Ltd
offer,44d5c3ee-b106-43d8-ad73-397c9dd1c1e4,perfume oil,31.31,Carlson Group
all,2660c3a3-0145-4781-a560-1bba895397cc,perfume,398.65,Wheeler-Crawford
join,79ce0335-fe2f-48ad-b199-f6728f7b1a88,perfume oil,904.59,"Calderon, Holmes and Mclean"
what,21af0bc3-d483-47e2-bce5-26191d7d5d88,perfume oil,727.89,Reed-Lopez
clearly,1ab678d0-cbe0-4081-ba04-7f7fb80c0b89,perfume,899.81,Baker and Sons
him,b6a61f8f-893a-42bc-a56c-5c14f02af397,perfume,278.29,"Kim, Hernandez and Craig"
campaign,a150115b-f116-48fe-9680-56aad041df61,perfume oil,958.97,Walters-Alvarez
recently,35fd5170-f218-4546-b26f-f68c7d22c37a,perfume oil,568.35,Taylor-Beltran
member,0c443ea7-a917-4f0f-a375-d6637bbb2b12,perfume,565.41,York-Gamble
born,8853a48b-e690-460b-8fb3-9a19e3ac6c66,perfume oil,223.62,"Armstrong, Douglas and Campos"
play,e4aeb140-2ea1-4264-9cc1-6a40822a893d,perfume,391.71,Fernandez-Walker
your,3adbff1f-94ea-49de-b5b9-0923242c2db1,perfume,425.19,"Mullen, Anderson and Johnson"
on,8d6dfa13-2448-45e4-8bf0-3849adfc9885,perfume,595.4,Diaz-West
wall,49aac201-2214-41ef-89cf-f3b783cc7904,perfume oil,383.45,Andersen-Ford
read,1beaad19-88ec-4e79-9f5c-cc94a678745a,perfume oil,63.49,"Hatfield, Davis and Anderson"
would,069e0108-0f46-461f-8ced-55155b1f7186,perfume oil,239.73,Hawkins LLC
rich,c132523c-a945-4a5d-afc5-2cd88451410e,perfume oil,788.48,Miller-Cline
appear,5ee0df36-b464-4798-8be8-561b9de14d59,perfume oil,460.75,Thomas Inc
green,302270b0-1690-4ac0-8d16-9082b82e9bbe,perfume oil,598.64,"Welch, Brown and Ortiz"
collection,afc43209-f24f-4a66-9d2c-95dec8ec0a04,perfume oil,170.68,Smith Group
let,db8d915b-b981-43e8-b35a-852549f0610a,perfume oil,103.39,"Frederick, Lloyd and Morgan"
pretty,c3be00a7-dd23-48bc-9f51-ac3737f2117d,perfume oil,425.05,Walker Inc
enjoy,61063621-7264-4314-92e4-730274aa001c,perfume,508.43,Macias-Murphy
official,f251630c-f2f1-45e0-b38f-5aa24b387e0c,perfume oil,208.87,Castro Ltd
push,eb664f25-bcd4-4d72-a32a-bea77789e7d6,perfume,613.1,"Stout, Garcia and Thompson"
half,1e5f42a6-c03d-4bb2-b897-c8a82846e6b2,perfume,289.72,Johnson-Lambert
hour,839999d3-d6e0-4783-8d94-b22ec656bcca,perfume,507.69,Murray-Hernandez
message,95d0c991-a41a-4060-9b69-e5eb30f4bf64,perfume oil,384.71,"Garcia, Morris and Price"
decade,9bac55df-9ade-4e11-90f1-a37e61a8bb22,perfume oil,75.38,Green-Hayes
people,066eebaa-4f21-4192-aff3-992d20ed4fa4,perfume oil,260.91,"Mcgrath, Price and Espinoza"
keep,079c13bd-4503-4b9a-84ef-50505e94c221,perfume oil,742.88,Gardner and Sons
sing,70cb5a14-e4b2-4938-9998-7bf84d665067,perfume,76.87,Petersen LLC
decade,c8b2faa0-0c67-413a-b513-9fd0d7b06e3f,perfume oil,773.38,"Kelly, Moore and Johnson"
scientist,3a8b0bdb-e641-42b1-8a57-9ad6bf902a0f,perfume oil,372.7,Hickman LLC
coach,9614267b-48cb-404b-8c4a-833812ff4bc3,perfume oil,924.53,Coleman PLC
class,07172390-4262-453e-9b4a-c742f7be54ea,perfume oil,365.16,"Lopez, Moore and Lucas"
study,767ccec8-9ccc-4210-91d5-05aa23373ff3,perfume oil,493.99,"Morales, Stone and King"
hear,250853de-759c-4cc9-b37c-3b17821b2c28,perfume oil,475.76,Figueroa-Sanford
including,5dda5b74-ab10-4657-9ead-690eaa01e4f3,perfume,532.78,Taylor-Taylor
travel,188c9833-bcc0-43d6-b0a0-ad214a620842,perfume oil,968.77,Andrade-Fernandez
back,3fe481a6-0a1e-4e5b-9eab-562abd78c42a,perfume oil,112.78,Tate-Smith
tonight,b7276701-4049-4d0c-af85-920abbdfe2d7,perfume,322.39,"Steele, Gray and Wright"
enough,e0ea99c1-e749-4495-90a3-b84dbb85fb51,perfume,528.46,Castillo Inc
run,75b60468-ca23-4008-9987-763eb269ac9c,perfume oil,560.76,Reynolds-Drake
former,b5c5e753-9e06-4729-9532-a126c8d621c9,perfume oil,203.64,"King, Green and Christian"
exist,9a044995-0603-4097-a613-64bc59fd9ee0,perfume,794.55,Williams Ltd
debate,17cf770a-fcc5-44a2-bda4-04a93655975d,perfume oil,966.92,Zimmerman-Gonzalez
so,0580cce4-a994-4ca6-bdf9-956e154f346e,perfume oil,950.53,Gray-Young
interview,b222b0d8-0d93-423f-afa3-86c311c341a7,perfume oil,744.64,"Villanueva, Ramos and Hurst"
model,cca4c891-9525-4b42-8af4-340648ab9160,perfume oil,900.4,Hernandez and Sons
spend,2ebfbb48-8ab9-45da-9899-67961d9c6862,perfume,823.02,Barnes Ltd
class,40b6a621-6a74-41fc-8577-4de007b3accb,perfume,988.6,Nelson Group
culture,d659d00e-f8ef-4291-bded-33ebbb62d283,perfume,290.96,Nguyen Group
while,fa5c9f42-27b4-4c83-8dd5-b1c67ed1f355,perfume oil,461.02,Walton-King
lose,3ae103a8-368e-44ec-b700-a70191eb9a1f,perfume oil,262.78,Reynolds LLC
nor,8c4b350b-d686-42ba-b20d-0376a1b0ea80,perfume,454.6,Mccann and Sons
term,f87f53c4-236c-46e2-98b9-ab2231e62758,perfume,244.67,Lee-Nielsen
actually,58d2aef9-603f-4d99-ba40-7ee7bcbf20b8,perfume,806.54,"Carter, Brandt and Thomas"
chance,9e063f87-d8de-47e7-a5a0-b51633dd4325,perfume,881.49,"Jones, Salinas and Munoz"
simple,fb24af3a-6898-4e4c-9ab0-a67e268d7ab9,perfume,337.6,Simpson Ltd
if,10bf933c-2a64-4e34-93d1-c903ed2b56cb,perfume oil,914.69,"Cole, Wiggins and Johnson"
speech,050e78b2-97fc-4921-80f1-9abdbc92bd0e,perfume oil,840.45,"Gibson, Vaughan and Grant"
big,f90dada2-4966-4b85-9115-957480e9db29,perfume oil,639.59,"Brock, Johnson and Navarro"
minute,75b1b296-e420-4ad9-9d7e-4a3e3d46626c,perfume,655.93,"Clark, Kidd and Thomas"
history,0551a08d-9a45-48ce-8c0d-99648af3274b,perfume,915.91,Parks-Christensen
class,6fcb06dd-9fb2-47e3-9ee4-55866edd07f8,perfume,251.27,Freeman-Crawford
among,2a2e27b1-8ac8-4a54-9a56-7bc8ce5b6b15,perfume,125.92,Salazar Ltd
part,50708846-2a9b-4187-8366-6d63073c6b43,perfume,925.59,"Jones, Webb and Serrano"
Mr,7a764c6d-9d48-47c5-9fa2-1f5c9b5e7b9a,perfume oil,384.3,"Hayes, Harris and Norris"
customer,6e5c8ac1-54a7-4e51-9cf9-c81842374126,perfume,675.15,Bailey-Gallagher
again,2ec48fa5-b6b1-44ff-a6b6-19adb25d5e3d,perfume,818.87,Golden-Taylor
nice,784da628-09cf-444c-a244-11bebcdc0d0f,perfume,295.82,Powell-Griffith
remember,bca2cb43-ab32-45ac-88e2-82d2f16b0e8f,perfume,989.39,Mcconnell and Sons
government,e8f7ee87-6c2c-42bf-ac4f-61cc3c471c3a,perfume oil,399.34,"Davis, Walters and Bryant"
stay,4fa75f2e-e6c2-41b5-aa2d-5176008bc5b1,perfume oil,85.74,"Sampson, Krause and Russell"
country,765a5e36-b95c-4682-8c5e-a41633cc968e,perfume oil,464.27,Blair Inc
dark,f7c656e9-a2dc-485a-9cd9-7b7701c1b654,perfume oil,960.38,Miller-Bailey
fly,b01e474e-4abf-46da-ad42-57a367140f80,perfume oil,846.34,Thompson Group
continue,45e1975c-4da2-4b80-95e8-7c3b9ed9969f,perfume,721.85,"Brown, Schmidt and Klein"
memory,fa5613ae-10a2-4572-9977-8eb9ab3242b6,perfume,391.32,Hughes-Fisher
everything,c9dbd880-f148-4adb-9e7f-1aa9c4156ae4,perfume oil,404.73,Rogers and Sons
range,db94558c-e731-4472-9e46-c64934e0cb8f,perfume,405.38,Adams Inc
he,b2496090-9d03-42da-a88c-3f3e44966638,perfume,252.29,"Munoz, Long and Lowery"
century,5e9a319c-9b47-48b4-9708-d349cd9d155d,perfume,203.32,Perez-Velez
sit,c3c62ce2-bda7-4d3a-85b5-fac774c015e9,perfume,982.99,Alvarez-Mclean
suggest,6bdba722-1774-4605-9e7b-e72ee38e6175,perfume,214.88,Woods-Lee
security,e785d913-fe9d-49af-bcf7-c9f6adee94ec,perfume oil,302.23,Scott Inc
why,2840acd5-90d5-4e8f-8338-e94a92b4321c,perfume,160.44,Zamora-Hammond
security,b0080f8e-1a21-4ca5-86ae-f9e6433001e3,perfume,586.55,Gibbs-Rasmussen
stay,b3c915f7-d398-473b-a41e-4551849131b7,perfume,79.58,Gutierrez-Gomez
protect,eda88e58-efa7-42a7-98e0-f629fb565e69,perfume,406.68,"Young, Evans and Hall"
example,700a834d-54c1-469a-8887-f7b3273fca2b,perfume oil,968.52,"Taylor, Hartman and Kelley"
four,724fdea5-0046-4f11-931e-5fccc5f35583,perfume,282.04,Hill-Wilson
but,5f0da838-f1c2-48b8-9847-59b143a5ebff,perfume,585.11,"Ford, White and Peterson"
call,b228eade-429a-4d48-8896-ec76999cc5f0,perfume oil,304.8,Simpson Inc
run,c270a81d-6c35-43c3-abf9-88ade6a40b44,perfume oil,737.57,Pierce-Novak
explain,297d2a02-11f1-413e-9de1-52a6399b794d,perfume oil,899.58,Warren and Sons
sister,406874aa-c22a-48b3-93b9-a82737f8e876,perfume,589.26,Smith-Schroeder
able,99b70f6a-c732-412e-ba8a-ea4bdb9828c6,perfume,160.04,"Williams, May and Rogers"
father,961d7162-5a55-44e1-897f-c3cd50d34266,perfume,808.27,Fox-Ortiz
wear,129208fd-6268-47f9-8c1d-bfc7fea33e39,perfume oil,530.34,"Rodriguez, Gonzales and Murphy"
new,80a09514-71f7-4db9-82cc-e4782d91b1b3,perfume,648.42,"Barton, Wade and Ford"
guy,b78cd005-a458-44ad-9667-d91c0c3d20d4,perfume oil,574.05,Baird Ltd
view,484892a3-9406-48d0-afe3-49c3a33c58c4,perfume,562.16,Williams-Harris
but,1136bd9b-0376-4d32-843c-664dbf0e3bf1,perfume,378.69,Roman and Sons
support,f1fcab32-e4f8-4e83-bb66-f5026243ee8b,perfume oil,195.2,"Jones, Lee and Byrd"
than,c53b9250-e15d-427f-8843-7cb5458ef9bc,perfume oil,635.1,Nelson-Mills
compare,98f1a07a-dcbd-4c14-b39c-ed94bf52de37,perfume,109.81,"Johnson, Adams and Stark"
idea,f194609e-9977-4d60-9d3d-9ba75135b2ef,perfume oil,367.94,Jackson and Sons
structure,75797b4c-de46-4a27-b025-48c86fe1c6c4,perfume,74.11,Rose Group
young,7ea3da98-e510-4186-bd8d-b09c96da4caa,perfume,188.49,"Coleman, Yang and Washington"
agreement,c565dd62-5690-493c-8f40-5b18d3b4cd9c,perfume,41.67,Hamilton PLC
result,14687693-9c4f-44cd-91a2-3ef6686caae3,perfume oil,376.58,"Proctor, Mueller and Bell"
maybe,0eddb825-1843-4f24-b3e8-7afb7c8b1410,perfume oil,950.4,Stevens-Graves
land,53aedfcd-16e0-48ac-8104-0a1c667881f9,perfume oil,504.02,"Dixon, Hancock and Taylor"
customer,41be3baf-9af2-45bd-bb12-015f50802b56,perfume,667.65,Williams-Blevins
right,e194cfba-c8bf-4d8d-a01e-ac18e2ae182b,perfume oil,97.47,Smith PLC
series,15b0ffbf-8576-411d-bff7-7260dcb881fc,perfume,554.9,Sloan-Banks
big,5244798e-87dd-4570-8c98-e9b112d0b270,perfume oil,994.09,"Johnson, Hunter and Russell"
may,92a49ec8-837b-4748-a2d4-4edd80edb301,perfume oil,633.24,Dominguez-Johnson
part,abc036c9-52fe-4004-91cc-09b105f4f4a2,perfume oil,739.57,"Wilson, Jacobs and Mclaughlin"
east,9dfa829b-6547-40c0-858d-ba1d09c90603,perfume,104.86,Liu Group
middle,de7a89a3-69a2-4e8d-9e38-1b69a3010a38,perfume oil,535.47,Wallace LLC
bring,b1faf6cb-5f56-4b4f-a5bc-e27e523a021b,perfume oil,406.11,Ward and Sons
degree,e3ae8c99-6620-477e-b2f3-0bd259371d92,perfume oil,84.51,"Kerr, Rodriguez and Freeman"
kitchen,411723b1-47e1-469a-9ec9-7603fdb682f0,perfume,427.77,Evans LLC
attorney,71c584ac-f24d-43ce-a20a-2e4f66759c09,perfume oil,848.99,Leonard-Franklin
partner,88c1f7e7-dd0d-4a1c-b4c3-298b31746bfb,perfume oil,854.3,Ramirez-Lopez
prove,71ff7417-5b2a-4f7e-acce-fb26867ffc9d,perfume oil,194.43,Gallegos-Dixon
inside,ae23caee-f1b2-47b8-b434-6479c53915a1,perfume oil,208.9,Jones-Levine
story,f0c95ea2-f087-4a6e-8327-9d5bd2e40414,perfume,840.47,"Doyle, Washington and Warren"
government,071959fa-ead6-44d5-b80f-d0c1ae6dac1a,perfume,166.07,Garcia-Jones
play,4e63ee2d-f0b6-4b26-8be2-e0a6fe479262,perfume,825.22,Ray-Santos
financial,b6b83498-ebd7-4183-98bf-ecb22ec4f6c2,perfume,311.93,"Johnson, Thompson and Roy"
learn,06587786-8856-42f2-837b-91a8fa6bfbd9,perfume oil,252.3,Wilkins-Gibson
choice,87b997c3-a57f-4243-807d-b2ea692e5562,perfume,926.85,"Wheeler, Bailey and Henderson"
course,6ec2c66c-4098-4f74-9617-2b28c1ad2947,perfume oil,286.54,Odonnell-Roberts
remain,171a4e4d-8d77-4c47-a443-a7fc5db6674e,perfume oil,278.05,Hall-Frost
either,e8086415-4724-491e-acdd-d09e997596cf,perfume oil,541.26,Parrish-Mooney
everybody,a4e2bf40-fe56-468d-8387-25e3adeb1d73,perfume,149.09,Oneill Inc
number,c8afeba7-8952-45de-b0e4-8e6bae7a984d,perfume oil,188.11,Phelps-Cross
development,18fc760c-0272-4318-b321-561843548bf9,perfume oil,135.29,"Thomas, Richardson and Mason"
market,c8e2a40a-72ab-4054-be58-9298e7e9b1b7,perfume oil,266.89,Johnson-Martinez
media,59489de0-3ae7-4ee8-9a73-a2d066e1701d,perfume,831.84,"Gonzalez, Johnson and Stevens"
coach,9460ad19-a7c2-42f6-a189-10991366b81b,perfume,212.88,Richards and Sons
believe,8cba4111-29a3-47fa-8774-204b9c7195cc,perfume,388.55,Murphy LLC
wrong,546da0c6-40ce-494d-a4af-00755622549f,perfume,915.18,"Bailey, Cooper and Williams"
trial,a7cbc038-00bd-44f8-9a62-09cc6907b352,perfume oil,63.19,Diaz Ltd
once,af9cb967-cfa2-450e-8595-368cb8d94783,perfume oil,282.33,"Pennington, Mccann and Bennett"
smile,1b82d3d6-6ab8-482c-958a-89069ed84917,perfume oil,689.36,Vega-Richards
wonder,c96d77c8-d3d2-4aeb-a063-959a4c965f2e,perfume,547.89,Robinson PLC
couple,31ce1b04-21e3-4e2b-800b-191e61d492d5,perfume,131.41,Sanders Ltd
will,e359d1db-6c4d-4e7b-b70b-c33f50c624b1,perfume oil,595.2,Ford-Clark
kind,741ccb61-00cb-4774-8115-a15d1cdca812,perfume oil,167.15,Jordan-Rodriguez
if,c7c0947c-d23c-41fd-873d-aad5901501e6,perfume,202.96,Wilson PLC
mission,d5274ecb-d47f-41a7-9789-4609a21af9e6,perfume,530.95,"Hunt, Clark and Bauer"
medical,e8453622-e713-4c79-bb97-ad2b1ebd5f38,perfume,390.51,Gentry-Day
morning,402fc40b-af67-46d2-9e9d-7587daf32118,perfume oil,588.36,Peterson-Lynch
worker,de9cbdc1-b834-43a3-8883-cd414db745c7,perfume,75.0,Hill-Castro
never,50f91df7-a6e6-48f7-bd74-5703a5af821d,perfume,343.75,Baker-Barrett
staff,961197e7-b045-4b33-aab4-bb39ecf61677,perfume,358.71,Daugherty PLC
require,4f0049f2-a5bd-412d-868a-4a5a5a322642,perfume,942.46,Clark-Martinez
here,af4e8080-4855-47a3-ab08-07b18845f8df,perfume,756.09,"Carter, Moore and Gray"
success,54ba6f45-bcff-4a56-aa6b-7b1a3901bbae,perfume,791.69,Jones Ltd
indeed,e0bec764-64e5-4cea-b7a8-a84bfbbd05e9,perfume oil,313.23,Martinez-Butler
crime,dace35ce-6098-4243-92ec-90c7c54df96d,perfume oil,49.43,Jimenez LLC
short,78ce20fa-6bf8-4841-a15d-e12848cef7f9,perfume oil,283.69,"Morrow, Hall and Shelton"
paper,44312208-c491-4dfb-bb14-c1cf9d61c3ba,perfume oil,428.11,Brown LLC
wind,cde8c092-e15a-4103-889c-d27353d1d520,perfume,66.7,Houston-Allen
improve,8da93bc9-9f39-432a-abd4-bc95c53ddc65,perfume oil,870.51,Bentley and Sons
option,fd40841b-5b95-4bc6-b5f9-fcf498a3f6f7,perfume oil,179.09,Fisher-Stevens
senior,1949c252-e559-4345-9a69-a5a7f9041ca1,perfume,563.51,Miller-Lewis
high,a974bb73-3b7f-43f8-8661-c1d70f35ca5e,perfume oil,99.84,"Thompson, Porter and Garcia"
important,34a5a0cd-cab1-45fb-9b5b-92ce6b959479,perfume oil,882.29,"Williams, Hancock and Diaz"
many,e58c7b58-fb5a-4857-b078-df072aa2b68e,perfume,535.72,Velasquez-Yoder
minute,465a6868-8fa7-4984-b39a-b1bfc6bac31c,perfume oil,76.33,"Hensley, Jenkins and Morris"
culture,e2a9a3de-e169-4f42-933f-9b7708ad3703,perfume,175.82,Brown LLC
for,5fedb700-0673-45c3-ac26-6de6d9675eed,perfume,658.97,"Jackson, Nelson and Jackson"
eye,e31975ae-a6a1-40d8-87e6-47be235925c4,perfume oil,431.09,Hoffman PLC
just,ed2fa906-3ca1-4994-88e1-26222a9e1f65,perfume,534.32,Moses-Benjamin
push,599374b4-14a0-4907-8cb0-1157a1a31035,perfume,670.34,Day-Avila
would,a21655ed-f41a-439b-bb8f-dad4ccdd2aa7,perfume,450.25,Andrews-Garcia
look,d2b00bc1-e257-4c74-b59e-aae89ff7986c,perfume,535.49,Campbell-Hahn
usually,4c85d12a-cd25-4b1c-8645-a5e121405806,perfume,176.84,"Campbell, Combs and White"
product,e1f5d4d5-2420-4284-b600-13787fb32517,perfume oil,645.36,Scott-Vang
meeting,f43c0e39-de4c-4e6e-9ad1-56df28f54557,perfume oil,335.15,Bush-Harper
perhaps,97c642f8-3630-4416-ae4f-ed3eb25f3e69,perfume oil,385.44,Rose Inc
understand,f0fd9a3d-b699-4e8a-ab20-982e59b92f2a,perfume,137.51,Brock-Boyd
cold,330d3f17-4a68-45c3-b337-aab7f5fc6bab,perfume,191.92,Franco Group
center,b055dc27-e4ac-44b8-a593-b7893844dd06,perfume oil,89.34,"Garcia, Thomas and Green"
your,438213f2-945f-48d0-a527-31a3ad7a2cd3,perfume oil,352.24,Mcintosh-Cole
most,65ba4076-f040-47f0-a447-6774e1a87246,perfume oil,459.38,"Young, Sanchez and Walters"
you,71fd7c71-a693-49f1-a4da-8dc92f04e6ce,perfume,758.78,Bates Ltd
remain,7cb5efbf-9eaf-4a90-b683-27728da02435,perfume oil,797.24,"Wolfe, Coleman and Smith"
free,97a2515d-70c6-4e71-862f-34623a516a21,perfume oil,695.91,Erickson-Phillips
newspaper,245dfbf9-0fb0-46f4-a5b9-f145ffb3a0f9,perfume,637.12,Lowery and Sons
treat,7f723ba7-6afa-4427-9c9d-1479da23af8b,perfume oil,365.52,"Anderson, Arnold and Mercer"
modern,96b1026a-3c1b-433d-80c9-2b6f1fc8dc60,perfume,767.34,Hooper and Sons
guy,a242b33e-a66a-4d17-9faf-d27878397e77,perfume oil,265.55,Edwards PLC
later,d7aafaa6-f10c-4d73-a76a-e195e4fdb45d,perfume,931.03,Brown LLC
line,0dd32f68-2ce7-46c5-a367-833df081f124,perfume,282.23,Smith-Alvarado
blue,b8d1bc1a-99bd-4414-8854-2d2724482fe8,perfume,749.65,Whitney-Jenkins
respond,17f37431-ae0b-480c-8ba2-d313d2221245,perfume,818.47,Burns PLC
ever,0410146a-e7ea-4498-9848-36249ddb77db,perfume,170.94,Lee and Sons
less,eb19c511-85c7-4ef7-bfbb-9d375a524aa7,perfume,615.5,Glenn LLC
want,84ed103c-25d1-44e0-acca-f6149ff4effa,perfume oil,768.95,Dorsey-Wilson
meet,e2627ef5-e335-4d57-bbf8-74810a4f8e46,perfume oil,302.59,"Moss, Cruz and Stevenson"
together,c31b8d80-000e-4eaf-959d-1f6a43933c32,perfume,899.87,Neal Group
just,d3808958-bd11-44ed-94d6-4611917143d6,perfume oil,301.52,Wilson-Alexander
protect,41d64277-cd59-487b-8a10-ee38f068cade,perfume,491.86,Le Inc
alone,10d0462b-b61d-4dba-859a-a760adfe1815,perfume,340.96,Welch-Maynard
top,4af7adfe-0fd3-4223-b580-0511284115b8,perfume,721.43,Sheppard Inc
best,336c8354-5024-4a0b-ba35-869e57a03a2e,perfume,807.64,Ross Ltd
enjoy,327d51cf-fc9c-472d-a598-264bc952037c,perfume oil,880.56,"Sullivan, Rogers and Harris"
ball,eff99786-f5ce-4155-88b8-f61bdd0364e6,perfume oil,909.74,"Pearson, Cole and Lee"
manager,e6b45d93-8fe1-427d-bc97-b0a0d9e9fff8,perfume,376.82,Anderson-Harrell
section,7f6d163b-e423-44f6-ad28-cef37a88da21,perfume,847.42,Newton-Gamble
start,05444c95-082d-4093-ba01-4c114a1c533d,perfume,389.02,"Russell, Ortiz and Lee"
interest,c919d2c7-052f-41f2-9359-4f8d27361421,perfume oil,922.61,"Tyler, Rollins and Wiggins"
dream,149041d6-1d2b-41a2-8c2b-41bd82c72370,perfume,581.81,Oliver Inc
protect,071cdfb6-a499-4198-aaf7-57fa2b4d1eb9,perfume,390.15,"Thomas, Richmond and Bennett"
worry,39cb6052-4bcf-47c1-9259-c167a853788a,perfume oil,158.39,Hodge Ltd
mother,65d32038-a848-4ea4-9e00-d46a66014487,perfume oil,468.45,"Mullins, Gonzales and Evans"
family,09c10e3c-7214-4e2a-acd7-f515ebf23bd6,perfume oil,735.62,"Pena, Shannon and Lee"
check,a75f371c-c1ae-45c3-8145-8cee64f8a6c5,perfume,324.94,"Sanders, Woods and Rodriguez"
between,89bebdc6-2f13-463b-82a9-7c147be9a400,perfume,627.15,Evans Ltd
TV,3b6b6d3a-b894-49a0-9576-6b1c4588fd4a,perfume oil,779.05,"Banks, Sanchez and Campbell"
good,d2b5e9dd-c11b-42b5-8d64-ad5e4d1c274e,perfume oil,281.6,"Chambers, Smith and Cross"
physical,9dccdf18-423e-4376-b8ef-9f0883c8df3a,perfume,643.15,"Mendoza, Sanchez and White"
out,0111366c-0a4b-4c99-b8c9-ae8d482fcf36,perfume,77.03,"Lee, Reyes and Parker"
adult,4e422176-b8be-4c83-9108-91cb7db3f3a6,perfume,503.24,"Murphy, Harmon and Herrera"
machine,2d86c227-9cc2-4421-80a5-c20c51c2480a,perfume,669.25,"Green, Bradshaw and Miller"
last,0674b74f-2d27-48bc-9e19-1b6265eeeea9,perfume oil,40.89,Owens and Sons
manage,9c33ceba-e1c4-4a98-90b1-fb7d4f696bae,perfume oil,503.2,Schneider LLC
before,5da9f9b7-b497-45de-b179-9cb5e79370cd,perfume,842.57,Brown PLC
tax,06b0f4a6-0c2f-4e4c-8517-ad3845655c4a,perfume oil,970.63,"Phillips, Murray and Hall"
indeed,e55d8e68-7813-4889-9423-b2762b2e6b0e,perfume oil,908.16,"Jenkins, Stewart and Johnson"
film,86bb8ab9-7459-44df-8348-35dae5a969af,perfume,258.8,Kelly-Grant
begin,4f48e219-a955-4dc6-bd72-5a2190b84fcc,perfume oil,943.69,Thompson LLC
doctor,d4545d06-5912-4dba-afca-7768d393d185,perfume,508.27,Owens-Perry
key,7230e88b-3908-40b8-b2ae-8d11ddafc4b8,perfume,110.53,"Smith, Rodriguez and Robles"
forward,58c6fb90-f1f1-4ed7-a591-589349227e2f,perfume,34.23,Mathis-Pearson
never,b5308889-adea-4d68-a743-6cc876431201,perfume,271.3,"Austin, Chandler and Cruz"
quality,684b8485-2cdc-4b93-a7de-c7f44925db47,perfume oil,569.26,Rodriguez Inc
myself,bb91aa68-5cc8-40d2-a727-579f55e4d727,perfume,275.75,Harris PLC
generation,b8444e94-13ee-4934-a4c3-b90b1047719f,perfume,575.61,"Nelson, Green and Gay"
me,46de5cf6-4b37-4d23-8b59-b3080b34ba30,perfume,192.86,Lawrence-Young
image,143cf7a7-ea6b-4503-92f9-8088009c23ea,perfume oil,108.72,Weber Ltd
back,8890f124-5f25-458d-969d-75142481b163,perfume oil,713.3,"Buchanan, Gonzalez and Garcia"
simply,c6ad6be7-82d4-481f-afc7-4b948efc2080,perfume,552.77,"Hunter, Miller and Martin"
across,ed99fd4d-f518-485c-8014-3d18d68b0813,perfume,540.73,"Griffin, Jones and Shepherd"
red,94de937d-d822-471a-a138-4bdf144b469b,perfume,119.12,"Smith, Calderon and Hernandez"
east,cf88ba71-0a16-436c-bf85-4d07ba8af621,perfume,339.96,Clayton-Diaz
cell,2499b89e-0051-4b82-beda-b937fe4d77be,perfume,908.33,Cooper-Lane
where,0d87e539-dc53-43c0-b9b4-7776ac6b67eb,perfume,210.13,Riley-Lewis
agreement,2e803294-d481-4bc4-b376-73d41bf0ad3c,perfume,890.35,Miles Inc
down,c5b2f533-cfc0-401b-92fb-d394117cdc10,perfume,970.91,Perez Ltd
condition,8ed304db-711a-4ae1-abc2-bc625fc14f7d,perfume,310.69,Wolf-Perry
deal,2370d5f6-a03b-40c8-bb6b-303e4d353a8f,perfume oil,50.14,Gregory and Sons
student,3bbb93b2-53f6-4a3d-9e0a-9f03756bf294,perfume oil,935.33,"Carr, Robinson and Johnson"
one,d1c4ac91-1f01-4cd7-80b9-60c219ed91c5,perfume oil,98.89,Hamilton-Romero
risk,36e0164f-d48b-438e-86d5-c28e2862332b,perfume,208.65,"Benson, Smith and Harris"
college,4b854a05-c5a9-4b4f-b581-8e97159039cc,perfume oil,806.79,Simmons-Nguyen
response,062ee397-1164-4434-a1d5-755716315fe3,perfume oil,398.11,Carter LLC
majority,977f5c4e-b1b2-4b14-a760-7c5c3fe3eb1b,perfume,215.41,Schroeder Inc
want,391149dd-ebf6-4121-9907-f411895ed18d,perfume oil,830.54,Owens-Gonzalez
happen,36485383-64c3-4e0e-8eff-e4e8221132b9,perfume oil,837.15,Lee PLC
attorney,614317e5-ef54-4a1d-82d4-9d375ce6cafc,perfume,708.28,Cunningham-Cox
happy,0f7ca1d9-2a91-4ac3-9e7f-5d6e208eb059,perfume oil,187.91,Ward-Kelly
dark,890c23be-6cee-43fe-b366-d41fccd61e69,perfume oil,398.0,Kaufman PLC
send,7cd5d394-372b-405f-8825-58ceef9b5e92,perfume oil,95.13,Wilkinson-Diaz
their,4b7e4f95-0d32-4106-a7b4-f20606b7fc63,perfume oil,720.04,Duffy-Moody
very,345187be-d008-4649-b1a3-e14a05134fc9,perfume,474.81,Johnson-King
every,7f116b09-bec6-45bc-b7e8-09b2388b3c20,perfume,66.89,Ellis LLC
middle,e75d11ee-d120-40b2-8bd7-80d3b7eedc14,perfume oil,926.19,"Davis, Harris and Berg"
cultural,24c98152-916c-4a96-b3be-7f731ec6ffe6,perfume oil,919.9,"Grant, Parker and Gonzalez"
involve,d30a1746-b4ed-4084-b433-a95115e7b87b,perfume oil,638.01,"Roberts, Rodriguez and Phillips"
cut,84f5c057-4286-4d78-9ce9-536b82fd3f61,perfume oil,894.61,"Jimenez, Anderson and Torres"
reach,66a0d4d5-4f91-40f2-8dfd-8baa33cc4781,perfume oil,164.85,Thomas Inc
go,828327ed-36ca-491d-b9c7-ba19a5886f7b,perfume oil,412.2,Lloyd-Miller
top,b5bdb180-0c4e-4fc4-b46a-77d4b907d967,perfume oil,164.95,"Banks, Nunez and Turner"
bank,2bb2c9b1-40b0-4808-86d8-8b8dcf5ae4d6,perfume oil,326.3,"Garcia, Phillips and Wallace"
summer,e4f0f9a7-2348-4d40-9539-0f9788914e18,perfume oil,180.57,"Gray, Roberts and Davis"
own,25d8f75b-190a-4a7f-8773-83d3979973ee,perfume,189.45,"Underwood, Rivas and Ortiz"
add,bb314f3d-a152-4f0c-a0fc-16b84af06c90,perfume oil,681.41,"Johnson, Browning and Chavez"
move,d98784cc-97aa-4bc6-894c-bdf32a5f3198,perfume,61.62,"Barnett, Walker and Landry"
management,8e513b1d-74d1-4eae-9dce-52714570cfcb,perfume oil,554.23,Brown-Walker
near,4ffee5b5-d235-41f0-a806-708ce62dcb1d,perfume,699.63,Brewer-Martin
mind,0f57e6cf-88d0-4019-99f6-089731739897,perfume oil,346.09,Alexander Ltd
for,2b908fa8-7f16-4f85-93ab-6197c6f0b63a,perfume,452.11,Duran Group
turn,4cccd40d-76b2-4749-a4f3-f28f95249454,perfume,626.74,Mccarthy Group
young,b98924ac-3396-479e-b17e-4ac7f9be5f1e,perfume oil,397.65,Graham-Sims
begin,14d22a43-d1db-475d-a00b-8600ecb4ac7c,perfume oil,673.77,Townsend-Gilmore
someone,ca71b61d-d26b-4c7d-8e90-71aa3be3a748,perfume oil,613.97,Bailey-Foster
area,3e13aa70-6ee3-49ec-b6c9-26062b2ee81b,perfume,24.23,Dodson-Rodriguez
receive,385689a6-98a1-40ed-a88c-331113049648,perfume,951.88,Bishop PLC
you,7515908a-8c42-496b-8427-4c93f34947a5,perfume,195.03,"Mercado, Smith and Clark"
seven,4deee35d-e3b7-406e-ac40-de80869eca02,perfume oil,168.69,Cannon LLC
picture,254291dd-d657-43bf-a19e-06986e657ce9,perfume oil,666.89,George PLC
community,2bfa8144-9333-4583-990c-6ef491a6fd30,perfume,455.87,"Davis, Lucas and Thompson"
I,c6ff5276-f46f-4c04-b89a-82bfafe7d087,perfume oil,542.23,Moore PLC
hard,c34531c8-0fac-4071-a3b5-02f706a463f4,perfume,680.67,Tran-Walters
expert,e6784d45-2e77-4d8b-b126-48d38f645234,perfume,803.87,"Cunningham, Butler and Navarro"
still,45b914cf-1534-4c7c-b9e7-e1768bd0b742,perfume,18.47,Ross-Kelly
region,d4b7c6f8-b607-44cc-9c43-5d07a1e7878a,perfume oil,12.6,Sandoval-Farley
beat,71d4ecc5-354f-4fef-8696-f6d92033c41b,perfume,473.64,Martinez LLC
book,315028c4-5c75-43f0-ac25-67d9dada411f,perfume oil,263.32,Brown and Sons
low,8bc2eb75-a2cc-405f-8984-4d8bbd3b7197,perfume oil,492.25,Hatfield-Wright
sit,79d71729-2a00-45da-af60-a265f0c920a5,perfume oil,421.49,Fernandez-Obrien
us,488c2ef6-f325-4d8c-a785-80470c37be26,perfume,811.86,"Jimenez, Lowe and Nelson"
hospital,397e7c86-41f0-4745-80fc-0fe9a5ded380,perfume oil,734.02,Neal PLC
foreign,a37e4d07-b956-477d-acfa-6fb33697b539,perfume,972.58,Krause-Martinez
think,50d40f53-31f5-435b-b45b-c2428f859733,perfume,291.07,"Young, Turner and Wiggins"
cut,b477da4c-d273-4d71-8dbc-be9dc4867cb6,perfume,600.28,Rogers and Sons
build,7af02cac-51fb-4992-b095-e9bf8b32eb98,perfume,102.38,Gross-Johnston
Congress,c5511925-fff0-4484-adad-141735f4c826,perfume,475.22,Reyes-Johnson
high,c3d34908-7c79-4daf-a3bd-dde87a86c923,perfume,458.97,Keller Ltd
evening,d9fb23f2-4d92-4457-9852-cc9894f8af88,perfume oil,470.37,"Miller, Cantu and Carr"
human,7d1201cd-240e-44e6-b01b-79a2b01f3c5d,perfume oil,214.15,Sheppard-Garcia
fact,4bb52315-b25c-4ce8-a00a-c606c7a28b22,perfume,966.95,Gilmore-Lopez
agreement,3d10656b-5993-484a-b4d2-6e4fed94779c,perfume,638.69,Zamora Inc
network,491d4ea0-d9d4-46a9-b19d-90008b0a4a66,perfume oil,403.53,Duncan-Taylor
marriage,8f281ce4-4cec-4cb3-b1df-1e4a6e6c3e99,perfume,461.26,"Ramsey, Clarke and Miller"
usually,4392c28b-efa8-4f76-9a48-9a1e3708e90c,perfume oil,793.87,Jones LLC
test,d3632a63-1c65-4fa3-a4ac-e02455b779f1,perfume oil,26.23,"Carpenter, Solomon and Roman"
she,ac1d178b-e0b7-4826-b1fe-06c06953bf09,perfume oil,422.86,Henson Inc
according,908d1e5d-a77b-44ce-9eb2-4f8bb5df4e3a,perfume,751.89,Martin-Farmer
after,408c5d36-f1ff-4496-98e9-833442080181,perfume,327.02,Potts and Sons
another,de420cbf-8d87-44b6-a051-ff0a2cc46915,perfume oil,101.77,Barton-Olsen
investment,1242a9c9-e2c8-4767-903f-299128436612,perfume,966.04,"Patel, Whitaker and Hunter"
choose,d6b95a23-7736-4aaa-9a13-ed8bebc3d157,perfume,364.37,"Roy, Hall and Zhang"
game,cd7303d0-d5b7-4e81-a62e-e88740f701f8,perfume,19.65,Johnson and Sons
physical,3b4dee60-29b1-4b1a-8453-00557eb3c2ec,perfume oil,70.26,Perry Inc
PM,87ba0c99-84de-4ed0-8bc8-8e01f7fce168,perfume,705.44,Bailey Ltd
wind,1fd473a2-117a-4ce9-9f7c-898c805f5f6a,perfume oil,932.59,Baker Inc
mean,5c5272c0-822a-47d0-8ea4-6b0fee5ab9f8,perfume oil,632.64,"Torres, Johnson and Guerrero"
join,49e5732f-84cc-4a42-84b6-64d09085da86,perfume,181.86,Russell-Villarreal
yourself,23cbfbbe-660e-4ff9-947b-4736ab8f10b7,perfume,858.85,Foster-Sanchez
smile,320ec3e6-8b78-493a-9036-61e167920ca1,perfume oil,247.04,Murphy-Taylor
company,972afd7d-3dcb-46d0-94d2-dcedd4c491c3,perfume,241.91,Meyers LLC
nation,2e72d99e-3c03-40d0-bfd0-eca6083654ac,perfume oil,980.16,Edwards LLC
type,0eba3512-80f2-4038-a2c5-0d09b61e8ecc,perfume,502.04,Browning Inc
painting,255fc807-3466-4781-ae14-2a76b38bedac,perfume oil,300.54,"Jackson, Jackson and Roberts"
beat,7c655e86-2749-4f93-8450-ca518188b00c,perfume,524.46,Martin-Coleman
nation,702bff68-0d53-48f3-acaa-e22e76131f8e,perfume,150.72,Zimmerman LLC
difference,5129b6a7-1ebb-47ef-b101-80a20dec6d92,perfume oil,363.08,"Wilson, Howard and Anderson"
fast,1b8566d9-1f6d-4e24-915e-9dfd072d2601,perfume,632.52,"Molina, Pugh and Mooney"
newspaper,f87d0194-91ea-4d77-acf4-f71820442d18,perfume,490.02,Smith-Barrett
agreement,806b3610-4c5d-4c95-810c-2f71190f40b6,perfume oil,135.38,Orr LLC
guy,cdbc1d7c-6d7f-41f6-97d5-2b4ef5a52973,perfume oil,143.55,Hunter-Savage
economy,df393620-60d4-4aa8-a582-efa6eade3123,perfume oil,275.12,"Wise, Ellison and Fernandez"
already,8149b151-f45c-4c20-a177-4d8073eacefd,perfume,657.4,Pratt-Alexander
everybody,b69a771f-ea55-47e3-a2c2-97d29567cb0d,perfume,295.29,King-Holmes
city,bd469fb1-d376-4137-9994-3816837b2e9a,perfume oil,177.95,Nichols and Sons
fear,724d0c67-a0ea-4938-a9b8-8d8c4fd34ebe,perfume,351.05,"White, Small and Alvarado"
little,dab10f89-ec15-4c50-a761-7700647d4b08,perfume,259.51,Hood-Lindsey
itself,6ba36eb8-9fe0-4b3a-8323-d3aa6b0394e9,perfume,43.89,Bell-Davis
have,a8b66104-c3a1-4a2d-aa1c-44e987fa5340,perfume oil,968.96,"Palmer, Gonzalez and Walker"
us,e92fd903-2a55-43d3-887e-ed950f8790da,perfume,408.18,Massey-Johnson
school,3fb6c591-65dc-4212-8f9f-809a7f591e8f,perfume oil,524.58,Hampton and Sons
animal,ff9acff8-c603-49d3-b413-b5452f68f516,perfume,11.02,Caldwell Ltd
century,ad65a670-436c-41ff-ba8c-fdccec405013,perfume oil,199.44,Hill-Dennis
end,bfe4637a-5b74-4e43-9073-72565eb31c26,perfume,980.51,"Hernandez, Boone and Dennis"
number,a948ad9f-0b06-42c1-bda7-c395b645acda,perfume oil,379.3,Sanchez-Lopez
series,a7b98d41-c6b8-4a14-9b6a-2bd2023e82a5,perfume oil,505.66,"Bryant, Barnes and Guerrero"
baby,db566cb5-9019-4060-a04f-50d1cfe27167,perfume,412.65,Christensen-Mills
garden,e22ddc83-1c0b-416a-a7a6-9c871a88518a,perfume,503.31,"Fields, Mclaughlin and Cooper"
perform,cd4ca71e-4cb8-40b1-9e63-208e6211df66,perfume oil,210.22,"Bailey, Davis and Reed"
agent,40b68f5a-c405-4357-86cb-615f7ebd159e,perfume,67.07,Gutierrez-Nixon
challenge,ee8f8732-6d4a-4869-83b2-860d3efcd64d,perfume oil,970.14,"Wilcox, Lopez and Page"
place,50b54006-8c27-423a-be16-0224b5298b43,perfume oil,241.66,"Miller, Cox and Mann"
these,a1d70bca-9d0e-434c-bb7d-ee3617c31c16,perfume,673.84,Vasquez LLC
to,18476830-4eec-45fb-bab3-72f6d77a50d7,perfume oil,886.9,Murphy LLC
test,c746d6ac-1621-4cf3-8ade-ce5fbd9ee0fd,perfume oil,187.42,"Wilson, Brown and Joseph"
recently,f1e8ed09-4537-4846-81b3-6fec680f778f,perfume,745.1,"Wall, Knox and Craig"
partner,8cbfedab-3de9-4970-9635-b0217a0e8702,perfume,968.17,Hoffman-Mack
contain,00273384-2759-43ef-9306-f8f9427dd7e4,perfume,479.97,"King, Austin and Wolfe"
training,49b1ff75-9322-4af9-888d-b6713b3f1d89,perfume oil,535.33,Singleton Ltd
message,06d89371-7acc-415a-a499-ed07ccfee3d4,perfume,582.35,"Harmon, Carter and Dyer"
carry,eb42be64-3a6e-4cfb-8e38-40d248d1c0ff,perfume,358.36,"Evans, Harvey and Johnson"
around,9509d772-677b-4c4b-bba3-2b3afd5cc83a,perfume,726.4,Bonilla-Murphy
beautiful,ed4949dd-472e-4b09-a2c8-b11b4b91366b,perfume,433.24,"Pruitt, Nguyen and Cooley"
before,abed6d04-2c69-4b19-a584-bbe364c6b841,perfume oil,375.94,"Martinez, Kelly and Mckinney"
contain,a4f9f4ba-49ff-4d81-be30-651bb75a45d9,perfume,661.78,Hatfield-Matthews
it,499a39e5-8895-4730-8e46-fc1834c84869,perfume oil,88.66,Baker-Beard
capital,a42d2e3e-ffd3-4b52-ad73-835863768468,perfume oil,455.9,Strong Group
nation,821ee0a6-902e-4967-ac72-2c47e59449e0,perfume oil,67.02,"Gilbert, Martinez and Weeks"
trip,8a0a998e-3711-4a17-86e1-42682d4c9da6,perfume,384.96,Davis-Little
who,1b60f284-a0bc-4b77-ac65-a63a1749fdb8,perfume oil,176.72,Cook and Sons
admit,852e3e83-9936-4fca-84cf-47638227dbc2,perfume,776.71,Hughes Inc
participant,0099620a-a999-46a6-a1d7-95a8e9dcf1c3,perfume oil,515.58,"Duran, Phillips and Davis"
third,a43ec45e-65fd-4f32-97bc-73f280d16fe7,perfume oil,344.09,"Mullins, Valenzuela and Perkins"
wear,aeb794d4-b5e9-4b74-8c65-08bf9f724737,perfume,113.92,Shaw Inc
likely,d78953b8-dff5-47de-a5a8-3b81c66cd2fe,perfume oil,696.97,Garcia Inc
appear,949f230c-24d9-481f-b04d-2f86c0076725,perfume,641.63,Nolan PLC
view,832d50c7-8258-4e84-be3c-8f8467d8d924,perfume,796.6,Dominguez-Richards
forward,e74bf660-2ffd-412e-b10a-e5fb2151b9c0,perfume,49.11,Stewart and Sons
early,5ed028b3-1217-4784-9d73-bbbbafab88c8,perfume oil,71.25,"Scott, Porter and Benson"
soldier,32619fe1-b9e2-4925-bc08-ff186567b315,perfume,534.02,Hayden-Mckay
foreign,e523adf4-4176-41ef-b468-660bd8679a16,perfume oil,782.1,Sullivan-Scott
Democrat,82fef45f-d69c-4a8f-bee8-2656a70b1565,perfume oil,59.8,"Campbell, Jones and Bailey"
still,628f2a2b-798e-484a-b2d7-4168dc8e6c15,perfume,455.67,"Black, Thomas and Porter"
economy,327064d6-0fe4-4c00-870b-494dc7db43d4,perfume oil,977.2,Fields-Robinson
establish,c23dff59-6216-4b14-9737-5e008ce9a74e,perfume oil,936.7,Schneider-Taylor
defense,af0e100d-a67c-4bb8-a211-0c815e18b83e,perfume,456.9,Sullivan Ltd
minute,e4567314-dec9-4563-8594-4680d7445bef,perfume oil,384.23,Gregory Group
white,fa447467-dbf2-4c26-95a6-0dc2a1446f78,perfume oil,163.44,"Keller, Mendoza and Smith"
argue,62eb3f33-ced3-462a-be61-495b4ad7234e,perfume oil,781.01,Rodriguez PLC
officer,ad5204d7-e5c2-417c-91f7-5fa07619ef54,perfume,118.46,Thornton Group
treat,0ea15074-b823-4345-924c-aeb9fafe9571,perfume,91.14,Guzman-Petersen
watch,e911b0a9-75fb-4c17-b552-52be0d19f856,perfume,246.73,Jones-May
toward,9c9792f9-4dc2-43b2-98f4-e989cf1bdb3a,perfume,647.26,Richardson PLC
hit,b835cfa0-70c5-4018-a5e8-50c9d71b5d56,perfume oil,350.29,Hamilton-Daniels
